EventID,event_name,sample,tblSampleID,ices_area,fao_code,catch_date,age,length,weight,maturity,sex,reader_name,reader_lastname,reader_number,expertise,country,institution,iso_code,reader,AnnotationID,FishID,month,qtr,year,cv,modal_age
74,2018 Norway Pout Exchange - Whole and Broken,535,1508,27.4.a,27.4.a,2014-10-25,1,170,40,NA,U,sindahl,sindahl,3,1,DENMARK,NA,DK,R03 DK,5119,Npout_054,10,4,2014,NA,1
74,2018 Norway Pout Exchange - Whole and Broken,536,1509,27.4.a,27.4.a,2014-10-25,1,175,44,NA,U,sindahl,sindahl,3,1,DENMARK,NA,DK,R03 DK,5117,Npout_055,10,4,2014,NA,1
74,2018 Norway Pout Exchange - Whole and Broken,537,1510,27.4.a,27.4.a,2014-10-25,2,175,42,NA,U,sindahl,sindahl,3,1,DENMARK,NA,DK,R03 DK,5115,Npout_056,10,4,2014,NA,2
74,2018 Norway Pout Exchange - Whole and Broken,546,1461,27.4.a,27.4.a,2014-11-01,1,140,22,NA,U,Rasmussenh,Rasmussenh,7,1,DENMARK,NA,DK,R07 DK,1399,Npout_007,11,4,2014,0,1
74,2018 Norway Pout Exchange - Whole and Broken,546,1461,27.4.a,27.4.a,2014-11-01,1,140,22,NA,U,sindahl,sindahl,3,1,DENMARK,NA,DK,R03 DK,5219,Npout_007,11,4,2014,0,1
74,2018 Norway Pout Exchange - Whole and Broken,547,1462,27.4.a,27.4.a,2014-11-01,1,140,20,NA,U,Rasmussenh,Rasmussenh,7,1,DENMARK,NA,DK,R07 DK,1401,Npout_008,11,4,2014,NA,1
74,2018 Norway Pout Exchange - Whole and Broken,548,1463,27.4.a,27.4.a,2014-11-01,1,140,22,NA,U,Rasmussenh,Rasmussenh,7,1,DENMARK,NA,DK,R07 DK,1403,Npout_009,11,4,2014,NA,1
74,2018 Norway Pout Exchange - Whole and Broken,549,1464,27.4.a,27.4.a,2014-11-01,1,145,20,NA,U,Rasmussenh,Rasmussenh,7,1,DENMARK,NA,DK,R07 DK,1405,Npout_010,11,4,2014,NA,1
74,2018 Norway Pout Exchange - Whole and Broken,550,1465,27.4.a,27.4.a,2014-11-01,1,145,20,NA,U,Rasmussenh,Rasmussenh,7,1,DENMARK,NA,DK,R07 DK,1407,Npout_011,11,4,2014,0,1
74,2018 Norway Pout Exchange - Whole and Broken,550,1465,27.4.a,27.4.a,2014-11-01,1,145,20,NA,U,sindahl,sindahl,3,1,DENMARK,NA,DK,R03 DK,5211,Npout_011,11,4,2014,0,1
74,2018 Norway Pout Exchange - Whole and Broken,551,1466,27.4.a,27.4.a,2014-11-01,1,145,20,NA,U,Rasmussenh,Rasmussenh,7,1,DENMARK,NA,DK,R07 DK,1409,Npout_012,11,4,2014,0,1
74,2018 Norway Pout Exchange - Whole and Broken,551,1466,27.4.a,27.4.a,2014-11-01,1,145,20,NA,U,sindahl,sindahl,3,1,DENMARK,NA,DK,R03 DK,5209,Npout_012,11,4,2014,0,1
74,2018 Norway Pout Exchange - Whole and Broken,552,1467,27.4.a,27.4.a,2014-11-01,1,150,26,NA,U,Rasmussenh,Rasmussenh,7,1,DENMARK,NA,DK,R07 DK,1609,Npout_013,11,4,2014,NA,1
74,2018 Norway Pout Exchange - Whole and Broken,553,1468,27.4.a,27.4.a,2014-11-01,1,150,28,NA,U,Rasmussenh,Rasmussenh,7,1,DENMARK,NA,DK,R07 DK,1413,Npout_014,11,4,2014,NA,1
74,2018 Norway Pout Exchange - Whole and Broken,554,1469,27.4.a,27.4.a,2014-11-01,1,155,32,NA,U,sindahl,sindahl,3,1,DENMARK,NA,DK,R03 DK,5203,Npout_015,11,4,2014,NA,1
74,2018 Norway Pout Exchange - Whole and Broken,555,1470,27.4.a,27.4.a,2014-11-01,1,155,32,NA,U,sindahl,sindahl,3,1,DENMARK,NA,DK,R03 DK,5201,Npout_016,11,4,2014,NA,1
74,2018 Norway Pout Exchange - Whole and Broken,557,1472,27.4.a,27.4.a,2014-11-01,1,160,34,NA,U,sindahl,sindahl,3,1,DENMARK,NA,DK,R03 DK,5197,Npout_018,11,4,2014,NA,1
74,2018 Norway Pout Exchange - Whole and Broken,558,1473,27.4.a,27.4.a,2014-11-01,1,165,36,NA,U,sindahl,sindahl,3,1,DENMARK,NA,DK,R03 DK,5195,Npout_019,11,4,2014,NA,1
74,2018 Norway Pout Exchange - Whole and Broken,559,1474,27.4.a,27.4.a,2014-11-01,1,165,38,NA,U,sindahl,sindahl,3,1,DENMARK,NA,DK,R03 DK,5193,Npout_020,11,4,2014,NA,1
74,2018 Norway Pout Exchange - Whole and Broken,560,1475,27.4.a,27.4.a,2014-11-01,2,165,38,NA,U,Rasmussenh,Rasmussenh,7,1,DENMARK,NA,DK,R07 DK,1435,Npout_021,11,4,2014,47,2
74,2018 Norway Pout Exchange - Whole and Broken,560,1475,27.4.a,27.4.a,2014-11-01,1,165,38,NA,U,sindahl,sindahl,3,1,DENMARK,NA,DK,R03 DK,5191,Npout_021,11,4,2014,47,2
74,2018 Norway Pout Exchange - Whole and Broken,561,1476,27.4.a,27.4.a,2014-11-01,1,170,46,NA,U,sindahl,sindahl,3,1,DENMARK,NA,DK,R03 DK,5189,Npout_022,11,4,2014,NA,1
74,2018 Norway Pout Exchange - Whole and Broken,562,1477,27.4.a,27.4.a,2014-11-01,1,170,44,NA,U,sindahl,sindahl,3,1,DENMARK,NA,DK,R03 DK,5187,Npout_023,11,4,2014,NA,1
74,2018 Norway Pout Exchange - Whole and Broken,563,1478,27.4.a,27.4.a,2014-11-01,2,175,42,NA,U,Rasmussenh,Rasmussenh,7,1,DENMARK,NA,DK,R07 DK,1441,Npout_024,11,4,2014,47,2
74,2018 Norway Pout Exchange - Whole and Broken,563,1478,27.4.a,27.4.a,2014-11-01,1,175,42,NA,U,sindahl,sindahl,3,1,DENMARK,NA,DK,R03 DK,5185,Npout_024,11,4,2014,47,2
74,2018 Norway Pout Exchange - Whole and Broken,564,1479,27.4.a,27.4.a,2014-11-01,2,180,42,NA,U,sindahl,sindahl,3,1,DENMARK,NA,DK,R03 DK,5182,Npout_025,11,4,2014,NA,2
74,2018 Norway Pout Exchange - Whole and Broken,565,1480,27.4.a,27.4.a,2014-11-01,2,180,48,NA,U,sindahl,sindahl,3,1,DENMARK,NA,DK,R03 DK,5180,Npout_026,11,4,2014,NA,2
74,2018 Norway Pout Exchange - Whole and Broken,566,1481,27.4.a,27.4.a,2014-11-01,2,180,50,NA,U,sindahl,sindahl,3,1,DENMARK,NA,DK,R03 DK,5178,Npout_027,11,4,2014,NA,2
74,2018 Norway Pout Exchange - Whole and Broken,567,1482,27.4.a,27.4.a,2014-11-01,2,185,54,NA,U,sindahl,sindahl,3,1,DENMARK,NA,DK,R03 DK,5176,Npout_028,11,4,2014,NA,2
74,2018 Norway Pout Exchange - Whole and Broken,568,1483,27.4.a,27.4.a,2014-11-01,2,185,52,NA,U,sindahl,sindahl,3,1,DENMARK,NA,DK,R03 DK,5174,Npout_029,11,4,2014,NA,2
74,2018 Norway Pout Exchange - Whole and Broken,586,1501,27.4.a,27.4.a,2014-10-25,1,150,26,NA,U,sindahl,sindahl,3,1,DENMARK,NA,DK,R03 DK,5135,Npout_047,10,4,2014,NA,1
74,2018 Norway Pout Exchange - Whole and Broken,587,1502,27.4.a,27.4.a,2014-10-25,2,155,28,NA,U,Rasmussenh,Rasmussenh,7,1,DENMARK,NA,DK,R07 DK,1496,Npout_048,10,4,2014,47,2
74,2018 Norway Pout Exchange - Whole and Broken,587,1502,27.4.a,27.4.a,2014-10-25,1,155,28,NA,U,sindahl,sindahl,3,1,DENMARK,NA,DK,R03 DK,5133,Npout_048,10,4,2014,47,2
74,2018 Norway Pout Exchange - Whole and Broken,588,1503,27.4.a,27.4.a,2014-10-25,1,155,28,NA,U,sindahl,sindahl,3,1,DENMARK,NA,DK,R03 DK,5131,Npout_049,10,4,2014,NA,1
74,2018 Norway Pout Exchange - Whole and Broken,589,1504,27.4.a,27.4.a,2014-10-25,1,155,26,NA,U,sindahl,sindahl,3,1,DENMARK,NA,DK,R03 DK,5127,Npout_050,10,4,2014,NA,1
74,2018 Norway Pout Exchange - Whole and Broken,590,1505,27.4.a,27.4.a,2014-10-25,1,160,32,NA,U,sindahl,sindahl,3,1,DENMARK,NA,DK,R03 DK,5125,Npout_051,10,4,2014,NA,1
74,2018 Norway Pout Exchange - Whole and Broken,591,1506,27.4.a,27.4.a,2014-10-25,1,160,34,NA,U,sindahl,sindahl,3,1,DENMARK,NA,DK,R03 DK,5123,Npout_052,10,4,2014,NA,1
74,2018 Norway Pout Exchange - Whole and Broken,592,1507,27.4.a,27.4.a,2014-10-25,1,170,40,NA,U,sindahl,sindahl,3,1,DENMARK,NA,DK,R03 DK,5121,Npout_053,10,4,2014,NA,1
74,2018 Norway Pout Exchange - Whole and Broken,593,1566,27.4.a,27.4.a,2014-10-25,2,170,40,NA,U,Rasmussenh,Rasmussenh,7,1,DENMARK,NA,DK,R07 DK,1508,Npout_054,10,4,2014,31,2
74,2018 Norway Pout Exchange - Whole and Broken,593,1566,27.4.a,27.4.a,2014-10-25,2,170,40,NA,U,gillespiemules,gillespiemules,9,0,Scotland,NA,GB-SCT,R09 GB-SCT,2513,Npout_054,10,4,2014,31,2
74,2018 Norway Pout Exchange - Whole and Broken,593,1566,27.4.a,27.4.a,2014-10-25,2,170,40,NA,U,hendersong,hendersong,8,0,Scotland,NA,GB-SCT,R08 GB-SCT,2774,Npout_054,10,4,2014,31,2
74,2018 Norway Pout Exchange - Whole and Broken,593,1566,27.4.a,27.4.a,2014-10-25,2,170,40,NA,U,Huseboe,Huseboe,6,1,NORWAY,NA,NO,R06 NO,3304,Npout_054,10,4,2014,31,2
74,2018 Norway Pout Exchange - Whole and Broken,593,1566,27.4.a,27.4.a,2014-10-25,2,170,40,NA,U,Mjanger,Mjanger,2,1,NORWAY,NA,NO,R02 NO,3698,Npout_054,10,4,2014,31,2
74,2018 Norway Pout Exchange - Whole and Broken,593,1566,27.4.a,27.4.a,2014-10-25,4,170,40,NA,U,gault,gault,4,1,Scotland,NA,GB-SCT,R04 GB-SCT,3783,Npout_054,10,4,2014,31,2
74,2018 Norway Pout Exchange - Whole and Broken,593,1566,27.4.a,27.4.a,2014-10-25,2,170,40,NA,U,solbakken,solbakken,1,1,NORWAY,NA,NO,R01 NO,4350,Npout_054,10,4,2014,31,2
74,2018 Norway Pout Exchange - Whole and Broken,593,1566,27.4.a,27.4.a,2014-10-25,3,170,40,NA,U,skadal,skadal,5,1,NORWAY,NA,NO,R05 NO,4572,Npout_054,10,4,2014,31,2
74,2018 Norway Pout Exchange - Whole and Broken,594,1567,27.4.a,27.4.a,2014-10-25,2,175,44,NA,U,Rasmussenh,Rasmussenh,7,1,DENMARK,NA,DK,R07 DK,1510,Npout_055,10,4,2014,31,2
74,2018 Norway Pout Exchange - Whole and Broken,594,1567,27.4.a,27.4.a,2014-10-25,1,175,44,NA,U,gillespiemules,gillespiemules,9,0,Scotland,NA,GB-SCT,R09 GB-SCT,2512,Npout_055,10,4,2014,31,2
74,2018 Norway Pout Exchange - Whole and Broken,594,1567,27.4.a,27.4.a,2014-10-25,2,175,44,NA,U,Huseboe,Huseboe,6,1,NORWAY,NA,NO,R06 NO,3300,Npout_055,10,4,2014,31,2
74,2018 Norway Pout Exchange - Whole and Broken,594,1567,27.4.a,27.4.a,2014-10-25,1,175,44,NA,U,Mjanger,Mjanger,2,1,NORWAY,NA,NO,R02 NO,3699,Npout_055,10,4,2014,31,2
74,2018 Norway Pout Exchange - Whole and Broken,594,1567,27.4.a,27.4.a,2014-10-25,2,175,44,NA,U,solbakken,solbakken,1,1,NORWAY,NA,NO,R01 NO,4352,Npout_055,10,4,2014,31,2
74,2018 Norway Pout Exchange - Whole and Broken,594,1567,27.4.a,27.4.a,2014-10-25,2,175,44,NA,U,skadal,skadal,5,1,NORWAY,NA,NO,R05 NO,4574,Npout_055,10,4,2014,31,2
74,2018 Norway Pout Exchange - Whole and Broken,595,1568,27.4.a,27.4.a,2014-10-25,2,175,42,NA,U,Rasmussenh,Rasmussenh,7,1,DENMARK,NA,DK,R07 DK,1512,Npout_056,10,4,2014,0,2
74,2018 Norway Pout Exchange - Whole and Broken,595,1568,27.4.a,27.4.a,2014-10-25,2,175,42,NA,U,gillespiemules,gillespiemules,9,0,Scotland,NA,GB-SCT,R09 GB-SCT,2510,Npout_056,10,4,2014,0,2
74,2018 Norway Pout Exchange - Whole and Broken,595,1568,27.4.a,27.4.a,2014-10-25,2,175,42,NA,U,hendersong,hendersong,8,0,Scotland,NA,GB-SCT,R08 GB-SCT,2778,Npout_056,10,4,2014,0,2
74,2018 Norway Pout Exchange - Whole and Broken,595,1568,27.4.a,27.4.a,2014-10-25,2,175,42,NA,U,Huseboe,Huseboe,6,1,NORWAY,NA,NO,R06 NO,3298,Npout_056,10,4,2014,0,2
74,2018 Norway Pout Exchange - Whole and Broken,595,1568,27.4.a,27.4.a,2014-10-25,2,175,42,NA,U,Mjanger,Mjanger,2,1,NORWAY,NA,NO,R02 NO,3700,Npout_056,10,4,2014,0,2
74,2018 Norway Pout Exchange - Whole and Broken,595,1568,27.4.a,27.4.a,2014-10-25,2,175,42,NA,U,solbakken,solbakken,1,1,NORWAY,NA,NO,R01 NO,4354,Npout_056,10,4,2014,0,2
74,2018 Norway Pout Exchange - Whole and Broken,595,1568,27.4.a,27.4.a,2014-10-25,2,175,42,NA,U,skadal,skadal,5,1,NORWAY,NA,NO,R05 NO,4576,Npout_056,10,4,2014,0,2
74,2018 Norway Pout Exchange - Whole and Broken,596,1569,27.4.a,27.4.a,2014-10-25,2,175,44,NA,U,Rasmussenh,Rasmussenh,7,1,DENMARK,NA,DK,R07 DK,1514,Npout_057,10,4,2014,17,2
74,2018 Norway Pout Exchange - Whole and Broken,596,1569,27.4.a,27.4.a,2014-10-25,2,175,44,NA,U,gillespiemules,gillespiemules,9,0,Scotland,NA,GB-SCT,R09 GB-SCT,2509,Npout_057,10,4,2014,17,2
74,2018 Norway Pout Exchange - Whole and Broken,596,1569,27.4.a,27.4.a,2014-10-25,2,175,44,NA,U,hendersong,hendersong,8,0,Scotland,NA,GB-SCT,R08 GB-SCT,2772,Npout_057,10,4,2014,17,2
74,2018 Norway Pout Exchange - Whole and Broken,596,1569,27.4.a,27.4.a,2014-10-25,2,175,44,NA,U,Huseboe,Huseboe,6,1,NORWAY,NA,NO,R06 NO,3296,Npout_057,10,4,2014,17,2
74,2018 Norway Pout Exchange - Whole and Broken,596,1569,27.4.a,27.4.a,2014-10-25,2,175,44,NA,U,Mjanger,Mjanger,2,1,NORWAY,NA,NO,R02 NO,3701,Npout_057,10,4,2014,17,2
74,2018 Norway Pout Exchange - Whole and Broken,596,1569,27.4.a,27.4.a,2014-10-25,2,175,44,NA,U,solbakken,solbakken,1,1,NORWAY,NA,NO,R01 NO,4356,Npout_057,10,4,2014,17,2
74,2018 Norway Pout Exchange - Whole and Broken,596,1569,27.4.a,27.4.a,2014-10-25,3,175,44,NA,U,skadal,skadal,5,1,NORWAY,NA,NO,R05 NO,4578,Npout_057,10,4,2014,17,2
74,2018 Norway Pout Exchange - Whole and Broken,596,1569,27.4.a,27.4.a,2014-10-25,2,175,44,NA,U,sindahl,sindahl,3,1,DENMARK,NA,DK,R03 DK,5113,Npout_057,10,4,2014,17,2
74,2018 Norway Pout Exchange - Whole and Broken,597,1570,27.4.a,27.4.a,2014-10-25,2,180,48,NA,U,Rasmussenh,Rasmussenh,7,1,DENMARK,NA,DK,R07 DK,1516,Npout_058,10,4,2014,0,2
74,2018 Norway Pout Exchange - Whole and Broken,597,1570,27.4.a,27.4.a,2014-10-25,2,180,48,NA,U,gillespiemules,gillespiemules,9,0,Scotland,NA,GB-SCT,R09 GB-SCT,2508,Npout_058,10,4,2014,0,2
74,2018 Norway Pout Exchange - Whole and Broken,597,1570,27.4.a,27.4.a,2014-10-25,2,180,48,NA,U,hendersong,hendersong,8,0,Scotland,NA,GB-SCT,R08 GB-SCT,2782,Npout_058,10,4,2014,0,2
74,2018 Norway Pout Exchange - Whole and Broken,597,1570,27.4.a,27.4.a,2014-10-25,2,180,48,NA,U,Huseboe,Huseboe,6,1,NORWAY,NA,NO,R06 NO,3294,Npout_058,10,4,2014,0,2
74,2018 Norway Pout Exchange - Whole and Broken,597,1570,27.4.a,27.4.a,2014-10-25,2,180,48,NA,U,Mjanger,Mjanger,2,1,NORWAY,NA,NO,R02 NO,3702,Npout_058,10,4,2014,0,2
74,2018 Norway Pout Exchange - Whole and Broken,597,1570,27.4.a,27.4.a,2014-10-25,2,180,48,NA,U,solbakken,solbakken,1,1,NORWAY,NA,NO,R01 NO,4358,Npout_058,10,4,2014,0,2
74,2018 Norway Pout Exchange - Whole and Broken,597,1570,27.4.a,27.4.a,2014-10-25,2,180,48,NA,U,skadal,skadal,5,1,NORWAY,NA,NO,R05 NO,4580,Npout_058,10,4,2014,0,2
74,2018 Norway Pout Exchange - Whole and Broken,597,1570,27.4.a,27.4.a,2014-10-25,2,180,48,NA,U,sindahl,sindahl,3,1,DENMARK,NA,DK,R03 DK,5110,Npout_058,10,4,2014,0,2
74,2018 Norway Pout Exchange - Whole and Broken,598,1513,27.4.a,27.4.a,2014-11-01,1,105,8,NA,U,Rasmussenh,Rasmussenh,7,1,DENMARK,NA,DK,R07 DK,1387,Npout_001,11,4,2014,0,1
74,2018 Norway Pout Exchange - Whole and Broken,598,1513,27.4.a,27.4.a,2014-11-01,NA,105,8,NA,U,gillespiemules,gillespiemules,9,0,Scotland,NA,GB-SCT,R09 GB-SCT,2501,Npout_001,11,4,2014,0,1
74,2018 Norway Pout Exchange - Whole and Broken,598,1513,27.4.a,27.4.a,2014-11-01,1,105,8,NA,U,hendersong,hendersong,8,0,Scotland,NA,GB-SCT,R08 GB-SCT,2784,Npout_001,11,4,2014,0,1
74,2018 Norway Pout Exchange - Whole and Broken,598,1513,27.4.a,27.4.a,2014-11-01,NA,105,8,NA,U,Huseboe,Huseboe,6,1,NORWAY,NA,NO,R06 NO,3322,Npout_001,11,4,2014,0,1
74,2018 Norway Pout Exchange - Whole and Broken,598,1513,27.4.a,27.4.a,2014-11-01,NA,105,8,NA,U,Mjanger,Mjanger,2,1,NORWAY,NA,NO,R02 NO,3703,Npout_001,11,4,2014,0,1
74,2018 Norway Pout Exchange - Whole and Broken,598,1513,27.4.a,27.4.a,2014-11-01,NA,105,8,NA,U,solbakken,solbakken,1,1,NORWAY,NA,NO,R01 NO,4103,Npout_001,11,4,2014,0,1
74,2018 Norway Pout Exchange - Whole and Broken,598,1513,27.4.a,27.4.a,2014-11-01,1,105,8,NA,U,skadal,skadal,5,1,NORWAY,NA,NO,R05 NO,4587,Npout_001,11,4,2014,0,1
74,2018 Norway Pout Exchange - Whole and Broken,599,1514,27.4.a,27.4.a,2014-11-01,1,105,8,NA,U,Rasmussenh,Rasmussenh,7,1,DENMARK,NA,DK,R07 DK,1599,Npout_002,11,4,2014,0,1
74,2018 Norway Pout Exchange - Whole and Broken,599,1514,27.4.a,27.4.a,2014-11-01,NA,105,8,NA,U,gillespiemules,gillespiemules,9,0,Scotland,NA,GB-SCT,R09 GB-SCT,2500,Npout_002,11,4,2014,0,1
74,2018 Norway Pout Exchange - Whole and Broken,599,1514,27.4.a,27.4.a,2014-11-01,NA,105,8,NA,U,Huseboe,Huseboe,6,1,NORWAY,NA,NO,R06 NO,3323,Npout_002,11,4,2014,0,1
74,2018 Norway Pout Exchange - Whole and Broken,599,1514,27.4.a,27.4.a,2014-11-01,NA,105,8,NA,U,Mjanger,Mjanger,2,1,NORWAY,NA,NO,R02 NO,3704,Npout_002,11,4,2014,0,1
74,2018 Norway Pout Exchange - Whole and Broken,599,1514,27.4.a,27.4.a,2014-11-01,NA,105,8,NA,U,solbakken,solbakken,1,1,NORWAY,NA,NO,R01 NO,4106,Npout_002,11,4,2014,0,1
74,2018 Norway Pout Exchange - Whole and Broken,599,1514,27.4.a,27.4.a,2014-11-01,1,105,8,NA,U,skadal,skadal,5,1,NORWAY,NA,NO,R05 NO,4590,Npout_002,11,4,2014,0,1
74,2018 Norway Pout Exchange - Whole and Broken,600,1515,27.4.a,27.4.a,2014-11-01,1,105,8,NA,U,Rasmussenh,Rasmussenh,7,1,DENMARK,NA,DK,R07 DK,1391,Npout_003,11,4,2014,0,1
74,2018 Norway Pout Exchange - Whole and Broken,600,1515,27.4.a,27.4.a,2014-11-01,NA,105,8,NA,U,gillespiemules,gillespiemules,9,0,Scotland,NA,GB-SCT,R09 GB-SCT,2499,Npout_003,11,4,2014,0,1
74,2018 Norway Pout Exchange - Whole and Broken,600,1515,27.4.a,27.4.a,2014-11-01,1,105,8,NA,U,hendersong,hendersong,8,0,Scotland,NA,GB-SCT,R08 GB-SCT,2789,Npout_003,11,4,2014,0,1
74,2018 Norway Pout Exchange - Whole and Broken,600,1515,27.4.a,27.4.a,2014-11-01,NA,105,8,NA,U,Huseboe,Huseboe,6,1,NORWAY,NA,NO,R06 NO,3324,Npout_003,11,4,2014,0,1
74,2018 Norway Pout Exchange - Whole and Broken,600,1515,27.4.a,27.4.a,2014-11-01,NA,105,8,NA,U,Mjanger,Mjanger,2,1,NORWAY,NA,NO,R02 NO,3705,Npout_003,11,4,2014,0,1
74,2018 Norway Pout Exchange - Whole and Broken,600,1515,27.4.a,27.4.a,2014-11-01,NA,105,8,NA,U,solbakken,solbakken,1,1,NORWAY,NA,NO,R01 NO,4108,Npout_003,11,4,2014,0,1
74,2018 Norway Pout Exchange - Whole and Broken,600,1515,27.4.a,27.4.a,2014-11-01,1,105,8,NA,U,skadal,skadal,5,1,NORWAY,NA,NO,R05 NO,4413,Npout_003,11,4,2014,0,1
74,2018 Norway Pout Exchange - Whole and Broken,601,1516,27.4.a,27.4.a,2014-11-01,NA,110,8,NA,U,gillespiemules,gillespiemules,9,0,Scotland,NA,GB-SCT,R09 GB-SCT,2498,Npout_004,11,4,2014,NA,1
74,2018 Norway Pout Exchange - Whole and Broken,601,1516,27.4.a,27.4.a,2014-11-01,NA,110,8,NA,U,Huseboe,Huseboe,6,1,NORWAY,NA,NO,R06 NO,3325,Npout_004,11,4,2014,NA,1
74,2018 Norway Pout Exchange - Whole and Broken,601,1516,27.4.a,27.4.a,2014-11-01,NA,110,8,NA,U,Mjanger,Mjanger,2,1,NORWAY,NA,NO,R02 NO,3706,Npout_004,11,4,2014,NA,1
74,2018 Norway Pout Exchange - Whole and Broken,601,1516,27.4.a,27.4.a,2014-11-01,NA,110,8,NA,U,solbakken,solbakken,1,1,NORWAY,NA,NO,R01 NO,4110,Npout_004,11,4,2014,NA,1
74,2018 Norway Pout Exchange - Whole and Broken,601,1516,27.4.a,27.4.a,2014-11-01,1,110,8,NA,U,skadal,skadal,5,1,NORWAY,NA,NO,R05 NO,4415,Npout_004,11,4,2014,NA,1
74,2018 Norway Pout Exchange - Whole and Broken,602,1517,27.4.a,27.4.a,2014-11-01,1,120,10,NA,U,Rasmussenh,Rasmussenh,7,1,DENMARK,NA,DK,R07 DK,1397,Npout_005,11,4,2014,0,1
74,2018 Norway Pout Exchange - Whole and Broken,602,1517,27.4.a,27.4.a,2014-11-01,NA,120,10,NA,U,gillespiemules,gillespiemules,9,0,Scotland,NA,GB-SCT,R09 GB-SCT,2497,Npout_005,11,4,2014,0,1
74,2018 Norway Pout Exchange - Whole and Broken,602,1517,27.4.a,27.4.a,2014-11-01,NA,120,10,NA,U,Huseboe,Huseboe,6,1,NORWAY,NA,NO,R06 NO,3326,Npout_005,11,4,2014,0,1
74,2018 Norway Pout Exchange - Whole and Broken,602,1517,27.4.a,27.4.a,2014-11-01,NA,120,10,NA,U,Mjanger,Mjanger,2,1,NORWAY,NA,NO,R02 NO,3707,Npout_005,11,4,2014,0,1
74,2018 Norway Pout Exchange - Whole and Broken,602,1517,27.4.a,27.4.a,2014-11-01,NA,120,10,NA,U,solbakken,solbakken,1,1,NORWAY,NA,NO,R01 NO,4112,Npout_005,11,4,2014,0,1
74,2018 Norway Pout Exchange - Whole and Broken,602,1517,27.4.a,27.4.a,2014-11-01,1,120,10,NA,U,skadal,skadal,5,1,NORWAY,NA,NO,R05 NO,4592,Npout_005,11,4,2014,0,1
74,2018 Norway Pout Exchange - Whole and Broken,603,1518,27.4.a,27.4.a,2014-11-01,1,135,18,NA,U,Rasmussenh,Rasmussenh,7,1,DENMARK,NA,DK,R07 DK,1395,Npout_006,11,4,2014,0,1
74,2018 Norway Pout Exchange - Whole and Broken,603,1518,27.4.a,27.4.a,2014-11-01,1,135,18,NA,U,gillespiemules,gillespiemules,9,0,Scotland,NA,GB-SCT,R09 GB-SCT,2496,Npout_006,11,4,2014,0,1
74,2018 Norway Pout Exchange - Whole and Broken,603,1518,27.4.a,27.4.a,2014-11-01,1,135,18,NA,U,hendersong,hendersong,8,0,Scotland,NA,GB-SCT,R08 GB-SCT,2797,Npout_006,11,4,2014,0,1
74,2018 Norway Pout Exchange - Whole and Broken,603,1518,27.4.a,27.4.a,2014-11-01,1,135,18,NA,U,Huseboe,Huseboe,6,1,NORWAY,NA,NO,R06 NO,3228,Npout_006,11,4,2014,0,1
74,2018 Norway Pout Exchange - Whole and Broken,603,1518,27.4.a,27.4.a,2014-11-01,1,135,18,NA,U,Mjanger,Mjanger,2,1,NORWAY,NA,NO,R02 NO,3709,Npout_006,11,4,2014,0,1
74,2018 Norway Pout Exchange - Whole and Broken,603,1518,27.4.a,27.4.a,2014-11-01,1,135,18,NA,U,solbakken,solbakken,1,1,NORWAY,NA,NO,R01 NO,4114,Npout_006,11,4,2014,0,1
74,2018 Norway Pout Exchange - Whole and Broken,603,1518,27.4.a,27.4.a,2014-11-01,1,135,18,NA,U,skadal,skadal,5,1,NORWAY,NA,NO,R05 NO,4594,Npout_006,11,4,2014,0,1
74,2018 Norway Pout Exchange - Whole and Broken,603,1518,27.4.a,27.4.a,2014-11-01,1,135,18,NA,U,sindahl,sindahl,3,1,DENMARK,NA,DK,R03 DK,5221,Npout_006,11,4,2014,0,1
74,2018 Norway Pout Exchange - Whole and Broken,604,1519,27.4.a,27.4.a,2014-11-01,1,140,22,NA,U,gillespiemules,gillespiemules,9,0,Scotland,NA,GB-SCT,R09 GB-SCT,2495,Npout_007,11,4,2014,0,1
74,2018 Norway Pout Exchange - Whole and Broken,604,1519,27.4.a,27.4.a,2014-11-01,1,140,22,NA,U,Huseboe,Huseboe,6,1,NORWAY,NA,NO,R06 NO,3230,Npout_007,11,4,2014,0,1
74,2018 Norway Pout Exchange - Whole and Broken,604,1519,27.4.a,27.4.a,2014-11-01,1,140,22,NA,U,Mjanger,Mjanger,2,1,NORWAY,NA,NO,R02 NO,3710,Npout_007,11,4,2014,0,1
74,2018 Norway Pout Exchange - Whole and Broken,604,1519,27.4.a,27.4.a,2014-11-01,1,140,22,NA,U,solbakken,solbakken,1,1,NORWAY,NA,NO,R01 NO,4116,Npout_007,11,4,2014,0,1
74,2018 Norway Pout Exchange - Whole and Broken,604,1519,27.4.a,27.4.a,2014-11-01,1,140,22,NA,U,skadal,skadal,5,1,NORWAY,NA,NO,R05 NO,4596,Npout_007,11,4,2014,0,1
74,2018 Norway Pout Exchange - Whole and Broken,605,1520,27.4.a,27.4.a,2014-11-01,1,140,20,NA,U,gillespiemules,gillespiemules,9,0,Scotland,NA,GB-SCT,R09 GB-SCT,2494,Npout_008,11,4,2014,0,1
74,2018 Norway Pout Exchange - Whole and Broken,605,1520,27.4.a,27.4.a,2014-11-01,1,140,20,NA,U,hendersong,hendersong,8,0,Scotland,NA,GB-SCT,R08 GB-SCT,2801,Npout_008,11,4,2014,0,1
74,2018 Norway Pout Exchange - Whole and Broken,605,1520,27.4.a,27.4.a,2014-11-01,1,140,20,NA,U,Huseboe,Huseboe,6,1,NORWAY,NA,NO,R06 NO,3232,Npout_008,11,4,2014,0,1
74,2018 Norway Pout Exchange - Whole and Broken,605,1520,27.4.a,27.4.a,2014-11-01,1,140,20,NA,U,Mjanger,Mjanger,2,1,NORWAY,NA,NO,R02 NO,3711,Npout_008,11,4,2014,0,1
74,2018 Norway Pout Exchange - Whole and Broken,605,1520,27.4.a,27.4.a,2014-11-01,1,140,20,NA,U,solbakken,solbakken,1,1,NORWAY,NA,NO,R01 NO,4324,Npout_008,11,4,2014,0,1
74,2018 Norway Pout Exchange - Whole and Broken,605,1520,27.4.a,27.4.a,2014-11-01,1,140,20,NA,U,skadal,skadal,5,1,NORWAY,NA,NO,R05 NO,4598,Npout_008,11,4,2014,0,1
74,2018 Norway Pout Exchange - Whole and Broken,605,1520,27.4.a,27.4.a,2014-11-01,1,140,20,NA,U,sindahl,sindahl,3,1,DENMARK,NA,DK,R03 DK,5217,Npout_008,11,4,2014,0,1
74,2018 Norway Pout Exchange - Whole and Broken,606,1521,27.4.a,27.4.a,2014-11-01,1,140,22,NA,U,gillespiemules,gillespiemules,9,0,Scotland,NA,GB-SCT,R09 GB-SCT,2493,Npout_009,11,4,2014,33,1
74,2018 Norway Pout Exchange - Whole and Broken,606,1521,27.4.a,27.4.a,2014-11-01,2,140,22,NA,U,hendersong,hendersong,8,0,Scotland,NA,GB-SCT,R08 GB-SCT,2803,Npout_009,11,4,2014,33,1
74,2018 Norway Pout Exchange - Whole and Broken,606,1521,27.4.a,27.4.a,2014-11-01,1,140,22,NA,U,Huseboe,Huseboe,6,1,NORWAY,NA,NO,R06 NO,3234,Npout_009,11,4,2014,33,1
74,2018 Norway Pout Exchange - Whole and Broken,606,1521,27.4.a,27.4.a,2014-11-01,1,140,22,NA,U,Mjanger,Mjanger,2,1,NORWAY,NA,NO,R02 NO,3712,Npout_009,11,4,2014,33,1
74,2018 Norway Pout Exchange - Whole and Broken,606,1521,27.4.a,27.4.a,2014-11-01,1,140,22,NA,U,solbakken,solbakken,1,1,NORWAY,NA,NO,R01 NO,4122,Npout_009,11,4,2014,33,1
74,2018 Norway Pout Exchange - Whole and Broken,606,1521,27.4.a,27.4.a,2014-11-01,1,140,22,NA,U,skadal,skadal,5,1,NORWAY,NA,NO,R05 NO,4600,Npout_009,11,4,2014,33,1
74,2018 Norway Pout Exchange - Whole and Broken,606,1521,27.4.a,27.4.a,2014-11-01,1,140,22,NA,U,sindahl,sindahl,3,1,DENMARK,NA,DK,R03 DK,5215,Npout_009,11,4,2014,33,1
74,2018 Norway Pout Exchange - Whole and Broken,607,1522,27.4.a,27.4.a,2014-11-01,1,145,20,NA,U,gillespiemules,gillespiemules,9,0,Scotland,NA,GB-SCT,R09 GB-SCT,2492,Npout_010,11,4,2014,33,1
74,2018 Norway Pout Exchange - Whole and Broken,607,1522,27.4.a,27.4.a,2014-11-01,2,145,20,NA,U,hendersong,hendersong,8,0,Scotland,NA,GB-SCT,R08 GB-SCT,2805,Npout_010,11,4,2014,33,1
74,2018 Norway Pout Exchange - Whole and Broken,607,1522,27.4.a,27.4.a,2014-11-01,1,145,20,NA,U,Huseboe,Huseboe,6,1,NORWAY,NA,NO,R06 NO,3334,Npout_010,11,4,2014,33,1
74,2018 Norway Pout Exchange - Whole and Broken,607,1522,27.4.a,27.4.a,2014-11-01,1,145,20,NA,U,Mjanger,Mjanger,2,1,NORWAY,NA,NO,R02 NO,3713,Npout_010,11,4,2014,33,1
74,2018 Norway Pout Exchange - Whole and Broken,607,1522,27.4.a,27.4.a,2014-11-01,1,145,20,NA,U,solbakken,solbakken,1,1,NORWAY,NA,NO,R01 NO,4124,Npout_010,11,4,2014,33,1
74,2018 Norway Pout Exchange - Whole and Broken,607,1522,27.4.a,27.4.a,2014-11-01,1,145,20,NA,U,skadal,skadal,5,1,NORWAY,NA,NO,R05 NO,4602,Npout_010,11,4,2014,33,1
74,2018 Norway Pout Exchange - Whole and Broken,607,1522,27.4.a,27.4.a,2014-11-01,1,145,20,NA,U,sindahl,sindahl,3,1,DENMARK,NA,DK,R03 DK,5213,Npout_010,11,4,2014,33,1
74,2018 Norway Pout Exchange - Whole and Broken,608,1523,27.4.a,27.4.a,2014-11-01,1,145,20,NA,U,gillespiemules,gillespiemules,9,0,Scotland,NA,GB-SCT,R09 GB-SCT,2491,Npout_011,11,4,2014,35,1
74,2018 Norway Pout Exchange - Whole and Broken,608,1523,27.4.a,27.4.a,2014-11-01,2,145,20,NA,U,hendersong,hendersong,8,0,Scotland,NA,GB-SCT,R08 GB-SCT,2807,Npout_011,11,4,2014,35,1
74,2018 Norway Pout Exchange - Whole and Broken,608,1523,27.4.a,27.4.a,2014-11-01,1,145,20,NA,U,Huseboe,Huseboe,6,1,NORWAY,NA,NO,R06 NO,3239,Npout_011,11,4,2014,35,1
74,2018 Norway Pout Exchange - Whole and Broken,608,1523,27.4.a,27.4.a,2014-11-01,1,145,20,NA,U,Mjanger,Mjanger,2,1,NORWAY,NA,NO,R02 NO,3714,Npout_011,11,4,2014,35,1
74,2018 Norway Pout Exchange - Whole and Broken,608,1523,27.4.a,27.4.a,2014-11-01,1,145,20,NA,U,solbakken,solbakken,1,1,NORWAY,NA,NO,R01 NO,4126,Npout_011,11,4,2014,35,1
74,2018 Norway Pout Exchange - Whole and Broken,608,1523,27.4.a,27.4.a,2014-11-01,1,145,20,NA,U,skadal,skadal,5,1,NORWAY,NA,NO,R05 NO,4604,Npout_011,11,4,2014,35,1
74,2018 Norway Pout Exchange - Whole and Broken,609,1524,27.4.a,27.4.a,2014-11-01,1,145,20,NA,U,gillespiemules,gillespiemules,9,0,Scotland,NA,GB-SCT,R09 GB-SCT,2490,Npout_012,11,4,2014,0,1
74,2018 Norway Pout Exchange - Whole and Broken,609,1524,27.4.a,27.4.a,2014-11-01,1,145,20,NA,U,Huseboe,Huseboe,6,1,NORWAY,NA,NO,R06 NO,3241,Npout_012,11,4,2014,0,1
74,2018 Norway Pout Exchange - Whole and Broken,609,1524,27.4.a,27.4.a,2014-11-01,1,145,20,NA,U,Mjanger,Mjanger,2,1,NORWAY,NA,NO,R02 NO,3715,Npout_012,11,4,2014,0,1
74,2018 Norway Pout Exchange - Whole and Broken,609,1524,27.4.a,27.4.a,2014-11-01,1,145,20,NA,U,solbakken,solbakken,1,1,NORWAY,NA,NO,R01 NO,4129,Npout_012,11,4,2014,0,1
74,2018 Norway Pout Exchange - Whole and Broken,609,1524,27.4.a,27.4.a,2014-11-01,1,145,20,NA,U,skadal,skadal,5,1,NORWAY,NA,NO,R05 NO,4606,Npout_012,11,4,2014,0,1
74,2018 Norway Pout Exchange - Whole and Broken,610,1525,27.4.a,27.4.a,2014-11-01,1,150,26,NA,U,gillespiemules,gillespiemules,9,0,Scotland,NA,GB-SCT,R09 GB-SCT,2489,Npout_013,11,4,2014,0,1
74,2018 Norway Pout Exchange - Whole and Broken,610,1525,27.4.a,27.4.a,2014-11-01,1,150,26,NA,U,Huseboe,Huseboe,6,1,NORWAY,NA,NO,R06 NO,3243,Npout_013,11,4,2014,0,1
74,2018 Norway Pout Exchange - Whole and Broken,610,1525,27.4.a,27.4.a,2014-11-01,1,150,26,NA,U,Mjanger,Mjanger,2,1,NORWAY,NA,NO,R02 NO,3716,Npout_013,11,4,2014,0,1
74,2018 Norway Pout Exchange - Whole and Broken,610,1525,27.4.a,27.4.a,2014-11-01,1,150,26,NA,U,solbakken,solbakken,1,1,NORWAY,NA,NO,R01 NO,4131,Npout_013,11,4,2014,0,1
74,2018 Norway Pout Exchange - Whole and Broken,610,1525,27.4.a,27.4.a,2014-11-01,1,150,26,NA,U,skadal,skadal,5,1,NORWAY,NA,NO,R05 NO,4608,Npout_013,11,4,2014,0,1
74,2018 Norway Pout Exchange - Whole and Broken,610,1525,27.4.a,27.4.a,2014-11-01,1,150,26,NA,U,sindahl,sindahl,3,1,DENMARK,NA,DK,R03 DK,5207,Npout_013,11,4,2014,0,1
74,2018 Norway Pout Exchange - Whole and Broken,611,1526,27.4.a,27.4.a,2014-11-01,1,150,28,NA,U,gillespiemules,gillespiemules,9,0,Scotland,NA,GB-SCT,R09 GB-SCT,2488,Npout_014,11,4,2014,0,1
74,2018 Norway Pout Exchange - Whole and Broken,611,1526,27.4.a,27.4.a,2014-11-01,1,150,28,NA,U,Huseboe,Huseboe,6,1,NORWAY,NA,NO,R06 NO,3336,Npout_014,11,4,2014,0,1
74,2018 Norway Pout Exchange - Whole and Broken,611,1526,27.4.a,27.4.a,2014-11-01,1,150,28,NA,U,Mjanger,Mjanger,2,1,NORWAY,NA,NO,R02 NO,3717,Npout_014,11,4,2014,0,1
74,2018 Norway Pout Exchange - Whole and Broken,611,1526,27.4.a,27.4.a,2014-11-01,1,150,28,NA,U,solbakken,solbakken,1,1,NORWAY,NA,NO,R01 NO,4133,Npout_014,11,4,2014,0,1
74,2018 Norway Pout Exchange - Whole and Broken,611,1526,27.4.a,27.4.a,2014-11-01,1,150,28,NA,U,skadal,skadal,5,1,NORWAY,NA,NO,R05 NO,4610,Npout_014,11,4,2014,0,1
74,2018 Norway Pout Exchange - Whole and Broken,611,1526,27.4.a,27.4.a,2014-11-01,1,150,28,NA,U,sindahl,sindahl,3,1,DENMARK,NA,DK,R03 DK,5205,Npout_014,11,4,2014,0,1
74,2018 Norway Pout Exchange - Whole and Broken,612,1527,27.4.a,27.4.a,2014-11-01,2,155,32,NA,U,Rasmussenh,Rasmussenh,7,1,DENMARK,NA,DK,R07 DK,1415,Npout_015,11,4,2014,32,2
74,2018 Norway Pout Exchange - Whole and Broken,612,1527,27.4.a,27.4.a,2014-11-01,1,155,32,NA,U,gillespiemules,gillespiemules,9,0,Scotland,NA,GB-SCT,R09 GB-SCT,2504,Npout_015,11,4,2014,32,2
74,2018 Norway Pout Exchange - Whole and Broken,612,1527,27.4.a,27.4.a,2014-11-01,2,155,32,NA,U,Huseboe,Huseboe,6,1,NORWAY,NA,NO,R06 NO,3248,Npout_015,11,4,2014,32,2
74,2018 Norway Pout Exchange - Whole and Broken,612,1527,27.4.a,27.4.a,2014-11-01,2,155,32,NA,U,Mjanger,Mjanger,2,1,NORWAY,NA,NO,R02 NO,3718,Npout_015,11,4,2014,32,2
74,2018 Norway Pout Exchange - Whole and Broken,612,1527,27.4.a,27.4.a,2014-11-01,2,155,32,NA,U,solbakken,solbakken,1,1,NORWAY,NA,NO,R01 NO,4137,Npout_015,11,4,2014,32,2
74,2018 Norway Pout Exchange - Whole and Broken,612,1527,27.4.a,27.4.a,2014-11-01,3,155,32,NA,U,skadal,skadal,5,1,NORWAY,NA,NO,R05 NO,4450,Npout_015,11,4,2014,32,2
74,2018 Norway Pout Exchange - Whole and Broken,613,1528,27.4.a,27.4.a,2014-11-01,2,155,32,NA,U,Rasmussenh,Rasmussenh,7,1,DENMARK,NA,DK,R07 DK,1612,Npout_016,11,4,2014,28,2
74,2018 Norway Pout Exchange - Whole and Broken,613,1528,27.4.a,27.4.a,2014-11-01,1,155,32,NA,U,gillespiemules,gillespiemules,9,0,Scotland,NA,GB-SCT,R09 GB-SCT,2482,Npout_016,11,4,2014,28,2
74,2018 Norway Pout Exchange - Whole and Broken,613,1528,27.4.a,27.4.a,2014-11-01,2,155,32,NA,U,hendersong,hendersong,8,0,Scotland,NA,GB-SCT,R08 GB-SCT,2817,Npout_016,11,4,2014,28,2
74,2018 Norway Pout Exchange - Whole and Broken,613,1528,27.4.a,27.4.a,2014-11-01,2,155,32,NA,U,Huseboe,Huseboe,6,1,NORWAY,NA,NO,R06 NO,3331,Npout_016,11,4,2014,28,2
74,2018 Norway Pout Exchange - Whole and Broken,613,1528,27.4.a,27.4.a,2014-11-01,2,155,32,NA,U,Mjanger,Mjanger,2,1,NORWAY,NA,NO,R02 NO,3719,Npout_016,11,4,2014,28,2
74,2018 Norway Pout Exchange - Whole and Broken,613,1528,27.4.a,27.4.a,2014-11-01,1,155,32,NA,U,solbakken,solbakken,1,1,NORWAY,NA,NO,R01 NO,4326,Npout_016,11,4,2014,28,2
74,2018 Norway Pout Exchange - Whole and Broken,613,1528,27.4.a,27.4.a,2014-11-01,2,155,32,NA,U,skadal,skadal,5,1,NORWAY,NA,NO,R05 NO,4452,Npout_016,11,4,2014,28,2
74,2018 Norway Pout Exchange - Whole and Broken,614,1529,27.4.a,27.4.a,2014-11-01,1,160,32,NA,U,gillespiemules,gillespiemules,9,0,Scotland,NA,GB-SCT,R09 GB-SCT,2480,Npout_017,11,4,2014,39,1
74,2018 Norway Pout Exchange - Whole and Broken,614,1529,27.4.a,27.4.a,2014-11-01,2,160,32,NA,U,Huseboe,Huseboe,6,1,NORWAY,NA,NO,R06 NO,3337,Npout_017,11,4,2014,39,1
74,2018 Norway Pout Exchange - Whole and Broken,614,1529,27.4.a,27.4.a,2014-11-01,1,160,32,NA,U,Mjanger,Mjanger,2,1,NORWAY,NA,NO,R02 NO,3720,Npout_017,11,4,2014,39,1
74,2018 Norway Pout Exchange - Whole and Broken,614,1529,27.4.a,27.4.a,2014-11-01,1,160,32,NA,U,solbakken,solbakken,1,1,NORWAY,NA,NO,R01 NO,4329,Npout_017,11,4,2014,39,1
74,2018 Norway Pout Exchange - Whole and Broken,614,1529,27.4.a,27.4.a,2014-11-01,2,160,32,NA,U,skadal,skadal,5,1,NORWAY,NA,NO,R05 NO,4612,Npout_017,11,4,2014,39,1
74,2018 Norway Pout Exchange - Whole and Broken,614,1529,27.4.a,27.4.a,2014-11-01,1,160,32,NA,U,sindahl,sindahl,3,1,DENMARK,NA,DK,R03 DK,5199,Npout_017,11,4,2014,39,1
74,2018 Norway Pout Exchange - Whole and Broken,615,1530,27.4.a,27.4.a,2014-11-01,2,160,34,NA,U,Rasmussenh,Rasmussenh,7,1,DENMARK,NA,DK,R07 DK,1426,Npout_018,11,4,2014,0,2
74,2018 Norway Pout Exchange - Whole and Broken,615,1530,27.4.a,27.4.a,2014-11-01,2,160,34,NA,U,gillespiemules,gillespiemules,9,0,Scotland,NA,GB-SCT,R09 GB-SCT,2478,Npout_018,11,4,2014,0,2
74,2018 Norway Pout Exchange - Whole and Broken,615,1530,27.4.a,27.4.a,2014-11-01,2,160,34,NA,U,hendersong,hendersong,8,0,Scotland,NA,GB-SCT,R08 GB-SCT,2821,Npout_018,11,4,2014,0,2
74,2018 Norway Pout Exchange - Whole and Broken,615,1530,27.4.a,27.4.a,2014-11-01,2,160,34,NA,U,Huseboe,Huseboe,6,1,NORWAY,NA,NO,R06 NO,3254,Npout_018,11,4,2014,0,2
74,2018 Norway Pout Exchange - Whole and Broken,615,1530,27.4.a,27.4.a,2014-11-01,2,160,34,NA,U,Mjanger,Mjanger,2,1,NORWAY,NA,NO,R02 NO,3721,Npout_018,11,4,2014,0,2
74,2018 Norway Pout Exchange - Whole and Broken,615,1530,27.4.a,27.4.a,2014-11-01,2,160,34,NA,U,solbakken,solbakken,1,1,NORWAY,NA,NO,R01 NO,4143,Npout_018,11,4,2014,0,2
74,2018 Norway Pout Exchange - Whole and Broken,615,1530,27.4.a,27.4.a,2014-11-01,2,160,34,NA,U,skadal,skadal,5,1,NORWAY,NA,NO,R05 NO,4468,Npout_018,11,4,2014,0,2
74,2018 Norway Pout Exchange - Whole and Broken,616,1531,27.4.a,27.4.a,2014-11-01,2,165,36,NA,U,Rasmussenh,Rasmussenh,7,1,DENMARK,NA,DK,R07 DK,1622,Npout_019,11,4,2014,0,2
74,2018 Norway Pout Exchange - Whole and Broken,616,1531,27.4.a,27.4.a,2014-11-01,2,165,36,NA,U,gillespiemules,gillespiemules,9,0,Scotland,NA,GB-SCT,R09 GB-SCT,2476,Npout_019,11,4,2014,0,2
74,2018 Norway Pout Exchange - Whole and Broken,616,1531,27.4.a,27.4.a,2014-11-01,2,165,36,NA,U,hendersong,hendersong,8,0,Scotland,NA,GB-SCT,R08 GB-SCT,2823,Npout_019,11,4,2014,0,2
74,2018 Norway Pout Exchange - Whole and Broken,616,1531,27.4.a,27.4.a,2014-11-01,2,165,36,NA,U,Huseboe,Huseboe,6,1,NORWAY,NA,NO,R06 NO,3256,Npout_019,11,4,2014,0,2
74,2018 Norway Pout Exchange - Whole and Broken,616,1531,27.4.a,27.4.a,2014-11-01,2,165,36,NA,U,Mjanger,Mjanger,2,1,NORWAY,NA,NO,R02 NO,3722,Npout_019,11,4,2014,0,2
74,2018 Norway Pout Exchange - Whole and Broken,616,1531,27.4.a,27.4.a,2014-11-01,2,165,36,NA,U,solbakken,solbakken,1,1,NORWAY,NA,NO,R01 NO,4334,Npout_019,11,4,2014,0,2
74,2018 Norway Pout Exchange - Whole and Broken,616,1531,27.4.a,27.4.a,2014-11-01,2,165,36,NA,U,skadal,skadal,5,1,NORWAY,NA,NO,R05 NO,4614,Npout_019,11,4,2014,0,2
74,2018 Norway Pout Exchange - Whole and Broken,617,1532,27.4.a,27.4.a,2014-11-01,2,165,38,NA,U,Rasmussenh,Rasmussenh,7,1,DENMARK,NA,DK,R07 DK,1433,Npout_020,11,4,2014,25,2
74,2018 Norway Pout Exchange - Whole and Broken,617,1532,27.4.a,27.4.a,2014-11-01,1,165,38,NA,U,gillespiemules,gillespiemules,9,0,Scotland,NA,GB-SCT,R09 GB-SCT,2474,Npout_020,11,4,2014,25,2
74,2018 Norway Pout Exchange - Whole and Broken,617,1532,27.4.a,27.4.a,2014-11-01,2,165,38,NA,U,Huseboe,Huseboe,6,1,NORWAY,NA,NO,R06 NO,3258,Npout_020,11,4,2014,25,2
74,2018 Norway Pout Exchange - Whole and Broken,617,1532,27.4.a,27.4.a,2014-11-01,2,165,38,NA,U,Mjanger,Mjanger,2,1,NORWAY,NA,NO,R02 NO,3723,Npout_020,11,4,2014,25,2
74,2018 Norway Pout Exchange - Whole and Broken,617,1532,27.4.a,27.4.a,2014-11-01,2,165,38,NA,U,skadal,skadal,5,1,NORWAY,NA,NO,R05 NO,4478,Npout_020,11,4,2014,25,2
74,2018 Norway Pout Exchange - Whole and Broken,618,1533,27.4.a,27.4.a,2014-11-01,2,165,38,NA,U,gillespiemules,gillespiemules,9,0,Scotland,NA,GB-SCT,R09 GB-SCT,2465,Npout_021,11,4,2014,0,2
74,2018 Norway Pout Exchange - Whole and Broken,618,1533,27.4.a,27.4.a,2014-11-01,2,165,38,NA,U,hendersong,hendersong,8,0,Scotland,NA,GB-SCT,R08 GB-SCT,2827,Npout_021,11,4,2014,0,2
74,2018 Norway Pout Exchange - Whole and Broken,618,1533,27.4.a,27.4.a,2014-11-01,2,165,38,NA,U,Huseboe,Huseboe,6,1,NORWAY,NA,NO,R06 NO,3260,Npout_021,11,4,2014,0,2
74,2018 Norway Pout Exchange - Whole and Broken,618,1533,27.4.a,27.4.a,2014-11-01,2,165,38,NA,U,Mjanger,Mjanger,2,1,NORWAY,NA,NO,R02 NO,3724,Npout_021,11,4,2014,0,2
74,2018 Norway Pout Exchange - Whole and Broken,618,1533,27.4.a,27.4.a,2014-11-01,2,165,38,NA,U,solbakken,solbakken,1,1,NORWAY,NA,NO,R01 NO,4151,Npout_021,11,4,2014,0,2
74,2018 Norway Pout Exchange - Whole and Broken,618,1533,27.4.a,27.4.a,2014-11-01,2,165,38,NA,U,skadal,skadal,5,1,NORWAY,NA,NO,R05 NO,4481,Npout_021,11,4,2014,0,2
74,2018 Norway Pout Exchange - Whole and Broken,619,1534,27.4.a,27.4.a,2014-11-01,2,170,46,NA,U,Rasmussenh,Rasmussenh,7,1,DENMARK,NA,DK,R07 DK,1437,Npout_022,11,4,2014,18,2
74,2018 Norway Pout Exchange - Whole and Broken,619,1534,27.4.a,27.4.a,2014-11-01,2,170,46,NA,U,gillespiemules,gillespiemules,9,0,Scotland,NA,GB-SCT,R09 GB-SCT,2463,Npout_022,11,4,2014,18,2
74,2018 Norway Pout Exchange - Whole and Broken,619,1534,27.4.a,27.4.a,2014-11-01,2,170,46,NA,U,hendersong,hendersong,8,0,Scotland,NA,GB-SCT,R08 GB-SCT,2829,Npout_022,11,4,2014,18,2
74,2018 Norway Pout Exchange - Whole and Broken,619,1534,27.4.a,27.4.a,2014-11-01,2,170,46,NA,U,Huseboe,Huseboe,6,1,NORWAY,NA,NO,R06 NO,3262,Npout_022,11,4,2014,18,2
74,2018 Norway Pout Exchange - Whole and Broken,619,1534,27.4.a,27.4.a,2014-11-01,2,170,46,NA,U,Mjanger,Mjanger,2,1,NORWAY,NA,NO,R02 NO,3725,Npout_022,11,4,2014,18,2
74,2018 Norway Pout Exchange - Whole and Broken,619,1534,27.4.a,27.4.a,2014-11-01,2,170,46,NA,U,solbakken,solbakken,1,1,NORWAY,NA,NO,R01 NO,4153,Npout_022,11,4,2014,18,2
74,2018 Norway Pout Exchange - Whole and Broken,619,1534,27.4.a,27.4.a,2014-11-01,3,170,46,NA,U,skadal,skadal,5,1,NORWAY,NA,NO,R05 NO,4483,Npout_022,11,4,2014,18,2
74,2018 Norway Pout Exchange - Whole and Broken,620,1535,27.4.a,27.4.a,2014-11-01,2,170,44,NA,U,Rasmussenh,Rasmussenh,7,1,DENMARK,NA,DK,R07 DK,1439,Npout_023,11,4,2014,0,2
74,2018 Norway Pout Exchange - Whole and Broken,620,1535,27.4.a,27.4.a,2014-11-01,2,170,44,NA,U,gillespiemules,gillespiemules,9,0,Scotland,NA,GB-SCT,R09 GB-SCT,2461,Npout_023,11,4,2014,0,2
74,2018 Norway Pout Exchange - Whole and Broken,620,1535,27.4.a,27.4.a,2014-11-01,2,170,44,NA,U,hendersong,hendersong,8,0,Scotland,NA,GB-SCT,R08 GB-SCT,2831,Npout_023,11,4,2014,0,2
74,2018 Norway Pout Exchange - Whole and Broken,620,1535,27.4.a,27.4.a,2014-11-01,2,170,44,NA,U,Huseboe,Huseboe,6,1,NORWAY,NA,NO,R06 NO,3264,Npout_023,11,4,2014,0,2
74,2018 Norway Pout Exchange - Whole and Broken,620,1535,27.4.a,27.4.a,2014-11-01,2,170,44,NA,U,Mjanger,Mjanger,2,1,NORWAY,NA,NO,R02 NO,3726,Npout_023,11,4,2014,0,2
74,2018 Norway Pout Exchange - Whole and Broken,620,1535,27.4.a,27.4.a,2014-11-01,2,170,44,NA,U,solbakken,solbakken,1,1,NORWAY,NA,NO,R01 NO,4158,Npout_023,11,4,2014,0,2
74,2018 Norway Pout Exchange - Whole and Broken,620,1535,27.4.a,27.4.a,2014-11-01,2,170,44,NA,U,skadal,skadal,5,1,NORWAY,NA,NO,R05 NO,4485,Npout_023,11,4,2014,0,2
74,2018 Norway Pout Exchange - Whole and Broken,621,1536,27.4.a,27.4.a,2014-11-01,1,175,42,NA,U,gillespiemules,gillespiemules,9,0,Scotland,NA,GB-SCT,R09 GB-SCT,2459,Npout_024,11,4,2014,34,2
74,2018 Norway Pout Exchange - Whole and Broken,621,1536,27.4.a,27.4.a,2014-11-01,1,175,42,NA,U,Huseboe,Huseboe,6,1,NORWAY,NA,NO,R06 NO,3266,Npout_024,11,4,2014,34,2
74,2018 Norway Pout Exchange - Whole and Broken,621,1536,27.4.a,27.4.a,2014-11-01,2,175,42,NA,U,Mjanger,Mjanger,2,1,NORWAY,NA,NO,R02 NO,3727,Npout_024,11,4,2014,34,2
74,2018 Norway Pout Exchange - Whole and Broken,621,1536,27.4.a,27.4.a,2014-11-01,2,175,42,NA,U,solbakken,solbakken,1,1,NORWAY,NA,NO,R01 NO,4336,Npout_024,11,4,2014,34,2
74,2018 Norway Pout Exchange - Whole and Broken,621,1536,27.4.a,27.4.a,2014-11-01,2,175,42,NA,U,skadal,skadal,5,1,NORWAY,NA,NO,R05 NO,4487,Npout_024,11,4,2014,34,2
74,2018 Norway Pout Exchange - Whole and Broken,622,1537,27.4.a,27.4.a,2014-11-01,2,180,42,NA,U,Rasmussenh,Rasmussenh,7,1,DENMARK,NA,DK,R07 DK,1443,Npout_025,11,4,2014,0,2
74,2018 Norway Pout Exchange - Whole and Broken,622,1537,27.4.a,27.4.a,2014-11-01,2,180,42,NA,U,gillespiemules,gillespiemules,9,0,Scotland,NA,GB-SCT,R09 GB-SCT,2457,Npout_025,11,4,2014,0,2
74,2018 Norway Pout Exchange - Whole and Broken,622,1537,27.4.a,27.4.a,2014-11-01,2,180,42,NA,U,Huseboe,Huseboe,6,1,NORWAY,NA,NO,R06 NO,3268,Npout_025,11,4,2014,0,2
74,2018 Norway Pout Exchange - Whole and Broken,622,1537,27.4.a,27.4.a,2014-11-01,2,180,42,NA,U,Mjanger,Mjanger,2,1,NORWAY,NA,NO,R02 NO,3728,Npout_025,11,4,2014,0,2
74,2018 Norway Pout Exchange - Whole and Broken,622,1537,27.4.a,27.4.a,2014-11-01,2,180,42,NA,U,solbakken,solbakken,1,1,NORWAY,NA,NO,R01 NO,4162,Npout_025,11,4,2014,0,2
74,2018 Norway Pout Exchange - Whole and Broken,622,1537,27.4.a,27.4.a,2014-11-01,2,180,42,NA,U,skadal,skadal,5,1,NORWAY,NA,NO,R05 NO,4489,Npout_025,11,4,2014,0,2
74,2018 Norway Pout Exchange - Whole and Broken,623,1538,27.4.a,27.4.a,2014-11-01,2,180,48,NA,U,Rasmussenh,Rasmussenh,7,1,DENMARK,NA,DK,R07 DK,1445,Npout_026,11,4,2014,18,2
74,2018 Norway Pout Exchange - Whole and Broken,623,1538,27.4.a,27.4.a,2014-11-01,2,180,48,NA,U,gillespiemules,gillespiemules,9,0,Scotland,NA,GB-SCT,R09 GB-SCT,2455,Npout_026,11,4,2014,18,2
74,2018 Norway Pout Exchange - Whole and Broken,623,1538,27.4.a,27.4.a,2014-11-01,2,180,48,NA,U,hendersong,hendersong,8,0,Scotland,NA,GB-SCT,R08 GB-SCT,2837,Npout_026,11,4,2014,18,2
74,2018 Norway Pout Exchange - Whole and Broken,623,1538,27.4.a,27.4.a,2014-11-01,2,180,48,NA,U,Huseboe,Huseboe,6,1,NORWAY,NA,NO,R06 NO,3270,Npout_026,11,4,2014,18,2
74,2018 Norway Pout Exchange - Whole and Broken,623,1538,27.4.a,27.4.a,2014-11-01,2,180,48,NA,U,Mjanger,Mjanger,2,1,NORWAY,NA,NO,R02 NO,3729,Npout_026,11,4,2014,18,2
74,2018 Norway Pout Exchange - Whole and Broken,623,1538,27.4.a,27.4.a,2014-11-01,2,180,48,NA,U,solbakken,solbakken,1,1,NORWAY,NA,NO,R01 NO,4164,Npout_026,11,4,2014,18,2
74,2018 Norway Pout Exchange - Whole and Broken,623,1538,27.4.a,27.4.a,2014-11-01,3,180,48,NA,U,skadal,skadal,5,1,NORWAY,NA,NO,R05 NO,4491,Npout_026,11,4,2014,18,2
74,2018 Norway Pout Exchange - Whole and Broken,624,1539,27.4.a,27.4.a,2014-11-01,2,180,50,NA,U,gillespiemules,gillespiemules,9,0,Scotland,NA,GB-SCT,R09 GB-SCT,2453,Npout_027,11,4,2014,23,2
74,2018 Norway Pout Exchange - Whole and Broken,624,1539,27.4.a,27.4.a,2014-11-01,2,180,50,NA,U,Huseboe,Huseboe,6,1,NORWAY,NA,NO,R06 NO,3272,Npout_027,11,4,2014,23,2
74,2018 Norway Pout Exchange - Whole and Broken,624,1539,27.4.a,27.4.a,2014-11-01,2,180,50,NA,U,Mjanger,Mjanger,2,1,NORWAY,NA,NO,R02 NO,3730,Npout_027,11,4,2014,23,2
74,2018 Norway Pout Exchange - Whole and Broken,624,1539,27.4.a,27.4.a,2014-11-01,3,180,50,NA,U,solbakken,solbakken,1,1,NORWAY,NA,NO,R01 NO,4340,Npout_027,11,4,2014,23,2
74,2018 Norway Pout Exchange - Whole and Broken,624,1539,27.4.a,27.4.a,2014-11-01,3,180,50,NA,U,skadal,skadal,5,1,NORWAY,NA,NO,R05 NO,4493,Npout_027,11,4,2014,23,2
74,2018 Norway Pout Exchange - Whole and Broken,625,1540,27.4.a,27.4.a,2014-11-01,2,185,54,NA,U,Rasmussenh,Rasmussenh,7,1,DENMARK,NA,DK,R07 DK,1451,Npout_028,11,4,2014,0,2
74,2018 Norway Pout Exchange - Whole and Broken,625,1540,27.4.a,27.4.a,2014-11-01,2,185,54,NA,U,gillespiemules,gillespiemules,9,0,Scotland,NA,GB-SCT,R09 GB-SCT,2451,Npout_028,11,4,2014,0,2
74,2018 Norway Pout Exchange - Whole and Broken,625,1540,27.4.a,27.4.a,2014-11-01,2,185,54,NA,U,hendersong,hendersong,8,0,Scotland,NA,GB-SCT,R08 GB-SCT,2841,Npout_028,11,4,2014,0,2
74,2018 Norway Pout Exchange - Whole and Broken,625,1540,27.4.a,27.4.a,2014-11-01,2,185,54,NA,U,Huseboe,Huseboe,6,1,NORWAY,NA,NO,R06 NO,3274,Npout_028,11,4,2014,0,2
74,2018 Norway Pout Exchange - Whole and Broken,625,1540,27.4.a,27.4.a,2014-11-01,2,185,54,NA,U,Mjanger,Mjanger,2,1,NORWAY,NA,NO,R02 NO,3731,Npout_028,11,4,2014,0,2
74,2018 Norway Pout Exchange - Whole and Broken,625,1540,27.4.a,27.4.a,2014-11-01,2,185,54,NA,U,solbakken,solbakken,1,1,NORWAY,NA,NO,R01 NO,4168,Npout_028,11,4,2014,0,2
74,2018 Norway Pout Exchange - Whole and Broken,625,1540,27.4.a,27.4.a,2014-11-01,2,185,54,NA,U,skadal,skadal,5,1,NORWAY,NA,NO,R05 NO,4495,Npout_028,11,4,2014,0,2
74,2018 Norway Pout Exchange - Whole and Broken,626,1541,27.4.a,27.4.a,2014-11-01,2,185,52,NA,U,Rasmussenh,Rasmussenh,7,1,DENMARK,NA,DK,R07 DK,1453,Npout_029,11,4,2014,21,2
74,2018 Norway Pout Exchange - Whole and Broken,626,1541,27.4.a,27.4.a,2014-11-01,2,185,52,NA,U,gillespiemules,gillespiemules,9,0,Scotland,NA,GB-SCT,R09 GB-SCT,2449,Npout_029,11,4,2014,21,2
74,2018 Norway Pout Exchange - Whole and Broken,626,1541,27.4.a,27.4.a,2014-11-01,2,185,52,NA,U,hendersong,hendersong,8,0,Scotland,NA,GB-SCT,R08 GB-SCT,2843,Npout_029,11,4,2014,21,2
74,2018 Norway Pout Exchange - Whole and Broken,626,1541,27.4.a,27.4.a,2014-11-01,2,185,52,NA,U,Huseboe,Huseboe,6,1,NORWAY,NA,NO,R06 NO,3276,Npout_029,11,4,2014,21,2
74,2018 Norway Pout Exchange - Whole and Broken,626,1541,27.4.a,27.4.a,2014-11-01,2,185,52,NA,U,Mjanger,Mjanger,2,1,NORWAY,NA,NO,R02 NO,3732,Npout_029,11,4,2014,21,2
74,2018 Norway Pout Exchange - Whole and Broken,626,1541,27.4.a,27.4.a,2014-11-01,3,185,52,NA,U,solbakken,solbakken,1,1,NORWAY,NA,NO,R01 NO,4170,Npout_029,11,4,2014,21,2
74,2018 Norway Pout Exchange - Whole and Broken,626,1541,27.4.a,27.4.a,2014-11-01,3,185,52,NA,U,skadal,skadal,5,1,NORWAY,NA,NO,R05 NO,4497,Npout_029,11,4,2014,21,2
74,2018 Norway Pout Exchange - Whole and Broken,631,1546,27.4.a,27.4.a,2014-10-25,1,100,6,NA,U,Rasmussenh,Rasmussenh,7,1,DENMARK,NA,DK,R07 DK,1463,Npout_034,10,4,2014,0,1
74,2018 Norway Pout Exchange - Whole and Broken,631,1546,27.4.a,27.4.a,2014-10-25,NA,100,6,NA,U,gillespiemules,gillespiemules,9,0,Scotland,NA,GB-SCT,R09 GB-SCT,2506,Npout_034,10,4,2014,0,1
74,2018 Norway Pout Exchange - Whole and Broken,631,1546,27.4.a,27.4.a,2014-10-25,NA,100,6,NA,U,Huseboe,Huseboe,6,1,NORWAY,NA,NO,R06 NO,3317,Npout_034,10,4,2014,0,1
74,2018 Norway Pout Exchange - Whole and Broken,631,1546,27.4.a,27.4.a,2014-10-25,NA,100,6,NA,U,Mjanger,Mjanger,2,1,NORWAY,NA,NO,R02 NO,3738,Npout_034,10,4,2014,0,1
74,2018 Norway Pout Exchange - Whole and Broken,631,1546,27.4.a,27.4.a,2014-10-25,NA,100,6,NA,U,solbakken,solbakken,1,1,NORWAY,NA,NO,R01 NO,4181,Npout_034,10,4,2014,0,1
74,2018 Norway Pout Exchange - Whole and Broken,631,1546,27.4.a,27.4.a,2014-10-25,1,100,6,NA,U,skadal,skadal,5,1,NORWAY,NA,NO,R05 NO,4527,Npout_034,10,4,2014,0,1
74,2018 Norway Pout Exchange - Whole and Broken,634,1549,27.4.a,27.4.a,2014-10-25,NA,105,8,NA,U,gillespiemules,gillespiemules,9,0,Scotland,NA,GB-SCT,R09 GB-SCT,2532,Npout_037,10,4,2014,NA,1
74,2018 Norway Pout Exchange - Whole and Broken,634,1549,27.4.a,27.4.a,2014-10-25,NA,105,8,NA,U,Huseboe,Huseboe,6,1,NORWAY,NA,NO,R06 NO,3315,Npout_037,10,4,2014,NA,1
74,2018 Norway Pout Exchange - Whole and Broken,634,1549,27.4.a,27.4.a,2014-10-25,NA,105,8,NA,U,Mjanger,Mjanger,2,1,NORWAY,NA,NO,R02 NO,3741,Npout_037,10,4,2014,NA,1
74,2018 Norway Pout Exchange - Whole and Broken,634,1549,27.4.a,27.4.a,2014-10-25,NA,105,8,NA,U,solbakken,solbakken,1,1,NORWAY,NA,NO,R01 NO,4187,Npout_037,10,4,2014,NA,1
74,2018 Norway Pout Exchange - Whole and Broken,634,1549,27.4.a,27.4.a,2014-10-25,1,105,8,NA,U,skadal,skadal,5,1,NORWAY,NA,NO,R05 NO,4538,Npout_037,10,4,2014,NA,1
74,2018 Norway Pout Exchange - Whole and Broken,635,1550,27.4.a,27.4.a,2014-10-25,1,105,8,NA,U,Rasmussenh,Rasmussenh,7,1,DENMARK,NA,DK,R07 DK,1471,Npout_038,10,4,2014,NA,1
74,2018 Norway Pout Exchange - Whole and Broken,635,1550,27.4.a,27.4.a,2014-10-25,NA,105,8,NA,U,gillespiemules,gillespiemules,9,0,Scotland,NA,GB-SCT,R09 GB-SCT,2531,Npout_038,10,4,2014,NA,1
74,2018 Norway Pout Exchange - Whole and Broken,635,1550,27.4.a,27.4.a,2014-10-25,NA,105,8,NA,U,Huseboe,Huseboe,6,1,NORWAY,NA,NO,R06 NO,3210,Npout_038,10,4,2014,NA,1
74,2018 Norway Pout Exchange - Whole and Broken,635,1550,27.4.a,27.4.a,2014-10-25,NA,105,8,NA,U,Mjanger,Mjanger,2,1,NORWAY,NA,NO,R02 NO,3742,Npout_038,10,4,2014,NA,1
74,2018 Norway Pout Exchange - Whole and Broken,635,1550,27.4.a,27.4.a,2014-10-25,NA,105,8,NA,U,solbakken,solbakken,1,1,NORWAY,NA,NO,R01 NO,4189,Npout_038,10,4,2014,NA,1
74,2018 Norway Pout Exchange - Whole and Broken,635,1550,27.4.a,27.4.a,2014-10-25,NA,105,8,NA,U,skadal,skadal,5,1,NORWAY,NA,NO,R05 NO,4540,Npout_038,10,4,2014,NA,1
74,2018 Norway Pout Exchange - Whole and Broken,636,1551,27.4.a,27.4.a,2014-10-25,1,105,7,NA,U,Rasmussenh,Rasmussenh,7,1,DENMARK,NA,DK,R07 DK,1473,Npout_039,10,4,2014,0,1
74,2018 Norway Pout Exchange - Whole and Broken,636,1551,27.4.a,27.4.a,2014-10-25,NA,105,7,NA,U,gillespiemules,gillespiemules,9,0,Scotland,NA,GB-SCT,R09 GB-SCT,2530,Npout_039,10,4,2014,0,1
74,2018 Norway Pout Exchange - Whole and Broken,636,1551,27.4.a,27.4.a,2014-10-25,1,105,7,NA,U,hendersong,hendersong,8,0,Scotland,NA,GB-SCT,R08 GB-SCT,2864,Npout_039,10,4,2014,0,1
74,2018 Norway Pout Exchange - Whole and Broken,636,1551,27.4.a,27.4.a,2014-10-25,NA,105,7,NA,U,Huseboe,Huseboe,6,1,NORWAY,NA,NO,R06 NO,3314,Npout_039,10,4,2014,0,1
74,2018 Norway Pout Exchange - Whole and Broken,636,1551,27.4.a,27.4.a,2014-10-25,NA,105,7,NA,U,Mjanger,Mjanger,2,1,NORWAY,NA,NO,R02 NO,3743,Npout_039,10,4,2014,0,1
74,2018 Norway Pout Exchange - Whole and Broken,636,1551,27.4.a,27.4.a,2014-10-25,NA,105,7,NA,U,solbakken,solbakken,1,1,NORWAY,NA,NO,R01 NO,4247,Npout_039,10,4,2014,0,1
74,2018 Norway Pout Exchange - Whole and Broken,636,1551,27.4.a,27.4.a,2014-10-25,1,105,7,NA,U,skadal,skadal,5,1,NORWAY,NA,NO,R05 NO,4542,Npout_039,10,4,2014,0,1
74,2018 Norway Pout Exchange - Whole and Broken,637,1552,27.4.a,27.4.a,2014-10-25,2,110,8,NA,U,Rasmussenh,Rasmussenh,7,1,DENMARK,NA,DK,R07 DK,1475,Npout_040,10,4,2014,0,2
74,2018 Norway Pout Exchange - Whole and Broken,637,1552,27.4.a,27.4.a,2014-10-25,NA,110,8,NA,U,gillespiemules,gillespiemules,9,0,Scotland,NA,GB-SCT,R09 GB-SCT,2529,Npout_040,10,4,2014,0,2
74,2018 Norway Pout Exchange - Whole and Broken,637,1552,27.4.a,27.4.a,2014-10-25,NA,110,8,NA,U,Huseboe,Huseboe,6,1,NORWAY,NA,NO,R06 NO,3313,Npout_040,10,4,2014,0,2
74,2018 Norway Pout Exchange - Whole and Broken,637,1552,27.4.a,27.4.a,2014-10-25,NA,110,8,NA,U,Mjanger,Mjanger,2,1,NORWAY,NA,NO,R02 NO,3744,Npout_040,10,4,2014,0,2
74,2018 Norway Pout Exchange - Whole and Broken,637,1552,27.4.a,27.4.a,2014-10-25,NA,110,8,NA,U,solbakken,solbakken,1,1,NORWAY,NA,NO,R01 NO,4251,Npout_040,10,4,2014,0,2
74,2018 Norway Pout Exchange - Whole and Broken,637,1552,27.4.a,27.4.a,2014-10-25,2,110,8,NA,U,skadal,skadal,5,1,NORWAY,NA,NO,R05 NO,4544,Npout_040,10,4,2014,0,2
74,2018 Norway Pout Exchange - Whole and Broken,638,1553,27.4.a,27.4.a,2014-10-25,2,135,18,NA,U,Rasmussenh,Rasmussenh,7,1,DENMARK,NA,DK,R07 DK,1477,Npout_041,10,4,2014,38,1
74,2018 Norway Pout Exchange - Whole and Broken,638,1553,27.4.a,27.4.a,2014-10-25,1,135,18,NA,U,gillespiemules,gillespiemules,9,0,Scotland,NA,GB-SCT,R09 GB-SCT,2528,Npout_041,10,4,2014,38,1
74,2018 Norway Pout Exchange - Whole and Broken,638,1553,27.4.a,27.4.a,2014-10-25,2,135,18,NA,U,hendersong,hendersong,8,0,Scotland,NA,GB-SCT,R08 GB-SCT,2868,Npout_041,10,4,2014,38,1
74,2018 Norway Pout Exchange - Whole and Broken,638,1553,27.4.a,27.4.a,2014-10-25,1,135,18,NA,U,Huseboe,Huseboe,6,1,NORWAY,NA,NO,R06 NO,3204,Npout_041,10,4,2014,38,1
74,2018 Norway Pout Exchange - Whole and Broken,638,1553,27.4.a,27.4.a,2014-10-25,1,135,18,NA,U,solbakken,solbakken,1,1,NORWAY,NA,NO,R01 NO,4257,Npout_041,10,4,2014,38,1
74,2018 Norway Pout Exchange - Whole and Broken,638,1553,27.4.a,27.4.a,2014-10-25,1,135,18,NA,U,skadal,skadal,5,1,NORWAY,NA,NO,R05 NO,4546,Npout_041,10,4,2014,38,1
74,2018 Norway Pout Exchange - Whole and Broken,638,1553,27.4.a,27.4.a,2014-10-25,1,135,18,NA,U,sindahl,sindahl,3,1,DENMARK,NA,DK,R03 DK,5148,Npout_041,10,4,2014,38,1
74,2018 Norway Pout Exchange - Whole and Broken,639,1554,27.4.a,27.4.a,2014-10-25,1,135,18,NA,U,Rasmussenh,Rasmussenh,7,1,DENMARK,NA,DK,R07 DK,1484,Npout_042,10,4,2014,0,1
74,2018 Norway Pout Exchange - Whole and Broken,639,1554,27.4.a,27.4.a,2014-10-25,1,135,18,NA,U,gillespiemules,gillespiemules,9,0,Scotland,NA,GB-SCT,R09 GB-SCT,2527,Npout_042,10,4,2014,0,1
74,2018 Norway Pout Exchange - Whole and Broken,639,1554,27.4.a,27.4.a,2014-10-25,1,135,18,NA,U,hendersong,hendersong,8,0,Scotland,NA,GB-SCT,R08 GB-SCT,2870,Npout_042,10,4,2014,0,1
74,2018 Norway Pout Exchange - Whole and Broken,639,1554,27.4.a,27.4.a,2014-10-25,1,135,18,NA,U,Huseboe,Huseboe,6,1,NORWAY,NA,NO,R06 NO,3310,Npout_042,10,4,2014,0,1
74,2018 Norway Pout Exchange - Whole and Broken,639,1554,27.4.a,27.4.a,2014-10-25,1,135,18,NA,U,solbakken,solbakken,1,1,NORWAY,NA,NO,R01 NO,4261,Npout_042,10,4,2014,0,1
74,2018 Norway Pout Exchange - Whole and Broken,639,1554,27.4.a,27.4.a,2014-10-25,1,135,18,NA,U,skadal,skadal,5,1,NORWAY,NA,NO,R05 NO,4548,Npout_042,10,4,2014,0,1
74,2018 Norway Pout Exchange - Whole and Broken,639,1554,27.4.a,27.4.a,2014-10-25,1,135,18,NA,U,sindahl,sindahl,3,1,DENMARK,NA,DK,R03 DK,5146,Npout_042,10,4,2014,0,1
74,2018 Norway Pout Exchange - Whole and Broken,640,1555,27.4.a,27.4.a,2014-10-25,1,140,20,NA,U,Rasmussenh,Rasmussenh,7,1,DENMARK,NA,DK,R07 DK,1486,Npout_043,10,4,2014,0,1
74,2018 Norway Pout Exchange - Whole and Broken,640,1555,27.4.a,27.4.a,2014-10-25,1,140,20,NA,U,gillespiemules,gillespiemules,9,0,Scotland,NA,GB-SCT,R09 GB-SCT,2526,Npout_043,10,4,2014,0,1
74,2018 Norway Pout Exchange - Whole and Broken,640,1555,27.4.a,27.4.a,2014-10-25,1,140,20,NA,U,hendersong,hendersong,8,0,Scotland,NA,GB-SCT,R08 GB-SCT,2872,Npout_043,10,4,2014,0,1
74,2018 Norway Pout Exchange - Whole and Broken,640,1555,27.4.a,27.4.a,2014-10-25,1,140,20,NA,U,Huseboe,Huseboe,6,1,NORWAY,NA,NO,R06 NO,3307,Npout_043,10,4,2014,0,1
74,2018 Norway Pout Exchange - Whole and Broken,640,1555,27.4.a,27.4.a,2014-10-25,1,140,20,NA,U,Mjanger,Mjanger,2,1,NORWAY,NA,NO,R02 NO,3747,Npout_043,10,4,2014,0,1
74,2018 Norway Pout Exchange - Whole and Broken,640,1555,27.4.a,27.4.a,2014-10-25,1,140,20,NA,U,solbakken,solbakken,1,1,NORWAY,NA,NO,R01 NO,4264,Npout_043,10,4,2014,0,1
74,2018 Norway Pout Exchange - Whole and Broken,640,1555,27.4.a,27.4.a,2014-10-25,1,140,20,NA,U,skadal,skadal,5,1,NORWAY,NA,NO,R05 NO,4550,Npout_043,10,4,2014,0,1
74,2018 Norway Pout Exchange - Whole and Broken,640,1555,27.4.a,27.4.a,2014-10-25,1,140,20,NA,U,sindahl,sindahl,3,1,DENMARK,NA,DK,R03 DK,5143,Npout_043,10,4,2014,0,1
74,2018 Norway Pout Exchange - Whole and Broken,641,1556,27.4.a,27.4.a,2014-10-25,1,140,20,NA,U,Rasmussenh,Rasmussenh,7,1,DENMARK,NA,DK,R07 DK,1488,Npout_044,10,4,2014,0,1
74,2018 Norway Pout Exchange - Whole and Broken,641,1556,27.4.a,27.4.a,2014-10-25,1,140,20,NA,U,gillespiemules,gillespiemules,9,0,Scotland,NA,GB-SCT,R09 GB-SCT,2525,Npout_044,10,4,2014,0,1
74,2018 Norway Pout Exchange - Whole and Broken,641,1556,27.4.a,27.4.a,2014-10-25,1,140,20,NA,U,hendersong,hendersong,8,0,Scotland,NA,GB-SCT,R08 GB-SCT,2874,Npout_044,10,4,2014,0,1
74,2018 Norway Pout Exchange - Whole and Broken,641,1556,27.4.a,27.4.a,2014-10-25,1,140,20,NA,U,Huseboe,Huseboe,6,1,NORWAY,NA,NO,R06 NO,3330,Npout_044,10,4,2014,0,1
74,2018 Norway Pout Exchange - Whole and Broken,641,1556,27.4.a,27.4.a,2014-10-25,1,140,20,NA,U,Mjanger,Mjanger,2,1,NORWAY,NA,NO,R02 NO,3748,Npout_044,10,4,2014,0,1
74,2018 Norway Pout Exchange - Whole and Broken,641,1556,27.4.a,27.4.a,2014-10-25,1,140,20,NA,U,solbakken,solbakken,1,1,NORWAY,NA,NO,R01 NO,4268,Npout_044,10,4,2014,0,1
74,2018 Norway Pout Exchange - Whole and Broken,641,1556,27.4.a,27.4.a,2014-10-25,1,140,20,NA,U,skadal,skadal,5,1,NORWAY,NA,NO,R05 NO,4552,Npout_044,10,4,2014,0,1
74,2018 Norway Pout Exchange - Whole and Broken,641,1556,27.4.a,27.4.a,2014-10-25,1,140,20,NA,U,sindahl,sindahl,3,1,DENMARK,NA,DK,R03 DK,5141,Npout_044,10,4,2014,0,1
74,2018 Norway Pout Exchange - Whole and Broken,642,1557,27.4.a,27.4.a,2014-10-25,1,145,22,NA,U,Rasmussenh,Rasmussenh,7,1,DENMARK,NA,DK,R07 DK,1490,Npout_045,10,4,2014,0,1
74,2018 Norway Pout Exchange - Whole and Broken,642,1557,27.4.a,27.4.a,2014-10-25,1,145,22,NA,U,gillespiemules,gillespiemules,9,0,Scotland,NA,GB-SCT,R09 GB-SCT,2524,Npout_045,10,4,2014,0,1
74,2018 Norway Pout Exchange - Whole and Broken,642,1557,27.4.a,27.4.a,2014-10-25,1,145,22,NA,U,hendersong,hendersong,8,0,Scotland,NA,GB-SCT,R08 GB-SCT,2876,Npout_045,10,4,2014,0,1
74,2018 Norway Pout Exchange - Whole and Broken,642,1557,27.4.a,27.4.a,2014-10-25,1,145,22,NA,U,Huseboe,Huseboe,6,1,NORWAY,NA,NO,R06 NO,3197,Npout_045,10,4,2014,0,1
74,2018 Norway Pout Exchange - Whole and Broken,642,1557,27.4.a,27.4.a,2014-10-25,1,145,22,NA,U,Mjanger,Mjanger,2,1,NORWAY,NA,NO,R02 NO,3749,Npout_045,10,4,2014,0,1
74,2018 Norway Pout Exchange - Whole and Broken,642,1557,27.4.a,27.4.a,2014-10-25,1,145,22,NA,U,solbakken,solbakken,1,1,NORWAY,NA,NO,R01 NO,4272,Npout_045,10,4,2014,0,1
74,2018 Norway Pout Exchange - Whole and Broken,642,1557,27.4.a,27.4.a,2014-10-25,1,145,22,NA,U,skadal,skadal,5,1,NORWAY,NA,NO,R05 NO,4554,Npout_045,10,4,2014,0,1
74,2018 Norway Pout Exchange - Whole and Broken,642,1557,27.4.a,27.4.a,2014-10-25,1,145,22,NA,U,sindahl,sindahl,3,1,DENMARK,NA,DK,R03 DK,5139,Npout_045,10,4,2014,0,1
74,2018 Norway Pout Exchange - Whole and Broken,643,1558,27.4.a,27.4.a,2014-10-25,1,150,28,NA,U,Rasmussenh,Rasmussenh,7,1,DENMARK,NA,DK,R07 DK,1492,Npout_046,10,4,2014,0,1
74,2018 Norway Pout Exchange - Whole and Broken,643,1558,27.4.a,27.4.a,2014-10-25,1,150,28,NA,U,gillespiemules,gillespiemules,9,0,Scotland,NA,GB-SCT,R09 GB-SCT,2523,Npout_046,10,4,2014,0,1
74,2018 Norway Pout Exchange - Whole and Broken,643,1558,27.4.a,27.4.a,2014-10-25,1,150,28,NA,U,hendersong,hendersong,8,0,Scotland,NA,GB-SCT,R08 GB-SCT,2878,Npout_046,10,4,2014,0,1
74,2018 Norway Pout Exchange - Whole and Broken,643,1558,27.4.a,27.4.a,2014-10-25,1,150,28,NA,U,Huseboe,Huseboe,6,1,NORWAY,NA,NO,R06 NO,3328,Npout_046,10,4,2014,0,1
74,2018 Norway Pout Exchange - Whole and Broken,643,1558,27.4.a,27.4.a,2014-10-25,1,150,28,NA,U,Mjanger,Mjanger,2,1,NORWAY,NA,NO,R02 NO,3750,Npout_046,10,4,2014,0,1
74,2018 Norway Pout Exchange - Whole and Broken,643,1558,27.4.a,27.4.a,2014-10-25,1,150,28,NA,U,solbakken,solbakken,1,1,NORWAY,NA,NO,R01 NO,4279,Npout_046,10,4,2014,0,1
74,2018 Norway Pout Exchange - Whole and Broken,643,1558,27.4.a,27.4.a,2014-10-25,1,150,28,NA,U,skadal,skadal,5,1,NORWAY,NA,NO,R05 NO,4556,Npout_046,10,4,2014,0,1
74,2018 Norway Pout Exchange - Whole and Broken,643,1558,27.4.a,27.4.a,2014-10-25,1,150,28,NA,U,sindahl,sindahl,3,1,DENMARK,NA,DK,R03 DK,5137,Npout_046,10,4,2014,0,1
74,2018 Norway Pout Exchange - Whole and Broken,644,1559,27.4.a,27.4.a,2014-10-25,2,150,26,NA,U,Rasmussenh,Rasmussenh,7,1,DENMARK,NA,DK,R07 DK,1494,Npout_047,10,4,2014,37,2
74,2018 Norway Pout Exchange - Whole and Broken,644,1559,27.4.a,27.4.a,2014-10-25,1,150,26,NA,U,gillespiemules,gillespiemules,9,0,Scotland,NA,GB-SCT,R09 GB-SCT,2522,Npout_047,10,4,2014,37,2
74,2018 Norway Pout Exchange - Whole and Broken,644,1559,27.4.a,27.4.a,2014-10-25,1,150,26,NA,U,Huseboe,Huseboe,6,1,NORWAY,NA,NO,R06 NO,3192,Npout_047,10,4,2014,37,2
74,2018 Norway Pout Exchange - Whole and Broken,644,1559,27.4.a,27.4.a,2014-10-25,2,150,26,NA,U,solbakken,solbakken,1,1,NORWAY,NA,NO,R01 NO,4285,Npout_047,10,4,2014,37,2
74,2018 Norway Pout Exchange - Whole and Broken,644,1559,27.4.a,27.4.a,2014-10-25,1,150,26,NA,U,Mjanger,Mjanger,2,1,NORWAY,NA,NO,R02 NO,4333,Npout_047,10,4,2014,37,2
74,2018 Norway Pout Exchange - Whole and Broken,644,1559,27.4.a,27.4.a,2014-10-25,2,150,26,NA,U,skadal,skadal,5,1,NORWAY,NA,NO,R05 NO,4558,Npout_047,10,4,2014,37,2
74,2018 Norway Pout Exchange - Whole and Broken,645,1560,27.4.a,27.4.a,2014-10-25,1,155,28,NA,U,gillespiemules,gillespiemules,9,0,Scotland,NA,GB-SCT,R09 GB-SCT,2521,Npout_048,10,4,2014,64,1
74,2018 Norway Pout Exchange - Whole and Broken,645,1560,27.4.a,27.4.a,2014-10-25,1,155,28,NA,U,Huseboe,Huseboe,6,1,NORWAY,NA,NO,R06 NO,3190,Npout_048,10,4,2014,64,1
74,2018 Norway Pout Exchange - Whole and Broken,645,1560,27.4.a,27.4.a,2014-10-25,1,155,28,NA,U,Mjanger,Mjanger,2,1,NORWAY,NA,NO,R02 NO,3752,Npout_048,10,4,2014,64,1
74,2018 Norway Pout Exchange - Whole and Broken,645,1560,27.4.a,27.4.a,2014-10-25,1,155,28,NA,U,solbakken,solbakken,1,1,NORWAY,NA,NO,R01 NO,4320,Npout_048,10,4,2014,64,1
74,2018 Norway Pout Exchange - Whole and Broken,645,1560,27.4.a,27.4.a,2014-10-25,3,155,28,NA,U,skadal,skadal,5,1,NORWAY,NA,NO,R05 NO,4560,Npout_048,10,4,2014,64,1
74,2018 Norway Pout Exchange - Whole and Broken,646,1561,27.4.a,27.4.a,2014-10-25,1,155,28,NA,U,Rasmussenh,Rasmussenh,7,1,DENMARK,NA,DK,R07 DK,1498,Npout_049,10,4,2014,0,1
74,2018 Norway Pout Exchange - Whole and Broken,646,1561,27.4.a,27.4.a,2014-10-25,1,155,28,NA,U,gillespiemules,gillespiemules,9,0,Scotland,NA,GB-SCT,R09 GB-SCT,2520,Npout_049,10,4,2014,0,1
74,2018 Norway Pout Exchange - Whole and Broken,646,1561,27.4.a,27.4.a,2014-10-25,1,155,28,NA,U,hendersong,hendersong,8,0,Scotland,NA,GB-SCT,R08 GB-SCT,2884,Npout_049,10,4,2014,0,1
74,2018 Norway Pout Exchange - Whole and Broken,646,1561,27.4.a,27.4.a,2014-10-25,1,155,28,NA,U,Huseboe,Huseboe,6,1,NORWAY,NA,NO,R06 NO,3188,Npout_049,10,4,2014,0,1
74,2018 Norway Pout Exchange - Whole and Broken,646,1561,27.4.a,27.4.a,2014-10-25,1,155,28,NA,U,Mjanger,Mjanger,2,1,NORWAY,NA,NO,R02 NO,3753,Npout_049,10,4,2014,0,1
74,2018 Norway Pout Exchange - Whole and Broken,646,1561,27.4.a,27.4.a,2014-10-25,1,155,28,NA,U,solbakken,solbakken,1,1,NORWAY,NA,NO,R01 NO,4322,Npout_049,10,4,2014,0,1
74,2018 Norway Pout Exchange - Whole and Broken,646,1561,27.4.a,27.4.a,2014-10-25,1,155,28,NA,U,skadal,skadal,5,1,NORWAY,NA,NO,R05 NO,4562,Npout_049,10,4,2014,0,1
74,2018 Norway Pout Exchange - Whole and Broken,647,1562,27.4.a,27.4.a,2014-10-25,1,155,26,NA,U,Rasmussenh,Rasmussenh,7,1,DENMARK,NA,DK,R07 DK,1500,Npout_050,10,4,2014,33,1
74,2018 Norway Pout Exchange - Whole and Broken,647,1562,27.4.a,27.4.a,2014-10-25,1,155,26,NA,U,gillespiemules,gillespiemules,9,0,Scotland,NA,GB-SCT,R09 GB-SCT,2519,Npout_050,10,4,2014,33,1
74,2018 Norway Pout Exchange - Whole and Broken,647,1562,27.4.a,27.4.a,2014-10-25,1,155,26,NA,U,hendersong,hendersong,8,0,Scotland,NA,GB-SCT,R08 GB-SCT,2886,Npout_050,10,4,2014,33,1
74,2018 Norway Pout Exchange - Whole and Broken,647,1562,27.4.a,27.4.a,2014-10-25,1,155,26,NA,U,Huseboe,Huseboe,6,1,NORWAY,NA,NO,R06 NO,3186,Npout_050,10,4,2014,33,1
74,2018 Norway Pout Exchange - Whole and Broken,647,1562,27.4.a,27.4.a,2014-10-25,1,155,26,NA,U,Mjanger,Mjanger,2,1,NORWAY,NA,NO,R02 NO,3754,Npout_050,10,4,2014,33,1
74,2018 Norway Pout Exchange - Whole and Broken,647,1562,27.4.a,27.4.a,2014-10-25,1,155,26,NA,U,solbakken,solbakken,1,1,NORWAY,NA,NO,R01 NO,4342,Npout_050,10,4,2014,33,1
74,2018 Norway Pout Exchange - Whole and Broken,647,1562,27.4.a,27.4.a,2014-10-25,2,155,26,NA,U,skadal,skadal,5,1,NORWAY,NA,NO,R05 NO,4564,Npout_050,10,4,2014,33,1
74,2018 Norway Pout Exchange - Whole and Broken,648,1563,27.4.a,27.4.a,2014-10-25,2,160,32,NA,U,Rasmussenh,Rasmussenh,7,1,DENMARK,NA,DK,R07 DK,1502,Npout_051,10,4,2014,34,2
74,2018 Norway Pout Exchange - Whole and Broken,648,1563,27.4.a,27.4.a,2014-10-25,1,160,32,NA,U,gillespiemules,gillespiemules,9,0,Scotland,NA,GB-SCT,R09 GB-SCT,2518,Npout_051,10,4,2014,34,2
74,2018 Norway Pout Exchange - Whole and Broken,648,1563,27.4.a,27.4.a,2014-10-25,1,160,32,NA,U,hendersong,hendersong,8,0,Scotland,NA,GB-SCT,R08 GB-SCT,2888,Npout_051,10,4,2014,34,2
74,2018 Norway Pout Exchange - Whole and Broken,648,1563,27.4.a,27.4.a,2014-10-25,2,160,32,NA,U,Huseboe,Huseboe,6,1,NORWAY,NA,NO,R06 NO,3327,Npout_051,10,4,2014,34,2
74,2018 Norway Pout Exchange - Whole and Broken,648,1563,27.4.a,27.4.a,2014-10-25,1,160,32,NA,U,Mjanger,Mjanger,2,1,NORWAY,NA,NO,R02 NO,4330,Npout_051,10,4,2014,34,2
74,2018 Norway Pout Exchange - Whole and Broken,648,1563,27.4.a,27.4.a,2014-10-25,2,160,32,NA,U,solbakken,solbakken,1,1,NORWAY,NA,NO,R01 NO,4344,Npout_051,10,4,2014,34,2
74,2018 Norway Pout Exchange - Whole and Broken,648,1563,27.4.a,27.4.a,2014-10-25,2,160,32,NA,U,skadal,skadal,5,1,NORWAY,NA,NO,R05 NO,4566,Npout_051,10,4,2014,34,2
74,2018 Norway Pout Exchange - Whole and Broken,649,1564,27.4.a,27.4.a,2014-10-25,2,160,34,NA,U,Rasmussenh,Rasmussenh,7,1,DENMARK,NA,DK,R07 DK,1504,Npout_052,10,4,2014,18,2
74,2018 Norway Pout Exchange - Whole and Broken,649,1564,27.4.a,27.4.a,2014-10-25,2,160,34,NA,U,gillespiemules,gillespiemules,9,0,Scotland,NA,GB-SCT,R09 GB-SCT,2515,Npout_052,10,4,2014,18,2
74,2018 Norway Pout Exchange - Whole and Broken,649,1564,27.4.a,27.4.a,2014-10-25,2,160,34,NA,U,hendersong,hendersong,8,0,Scotland,NA,GB-SCT,R08 GB-SCT,2890,Npout_052,10,4,2014,18,2
74,2018 Norway Pout Exchange - Whole and Broken,649,1564,27.4.a,27.4.a,2014-10-25,2,160,34,NA,U,Huseboe,Huseboe,6,1,NORWAY,NA,NO,R06 NO,3302,Npout_052,10,4,2014,18,2
74,2018 Norway Pout Exchange - Whole and Broken,649,1564,27.4.a,27.4.a,2014-10-25,2,160,34,NA,U,Mjanger,Mjanger,2,1,NORWAY,NA,NO,R02 NO,3697,Npout_052,10,4,2014,18,2
74,2018 Norway Pout Exchange - Whole and Broken,649,1564,27.4.a,27.4.a,2014-10-25,2,160,34,NA,U,solbakken,solbakken,1,1,NORWAY,NA,NO,R01 NO,4346,Npout_052,10,4,2014,18,2
74,2018 Norway Pout Exchange - Whole and Broken,649,1564,27.4.a,27.4.a,2014-10-25,3,160,34,NA,U,skadal,skadal,5,1,NORWAY,NA,NO,R05 NO,4568,Npout_052,10,4,2014,18,2
74,2018 Norway Pout Exchange - Whole and Broken,650,1565,27.4.a,27.4.a,2014-10-25,2,170,40,NA,U,Rasmussenh,Rasmussenh,7,1,DENMARK,NA,DK,R07 DK,1506,Npout_053,10,4,2014,0,2
74,2018 Norway Pout Exchange - Whole and Broken,650,1565,27.4.a,27.4.a,2014-10-25,2,170,40,NA,U,gillespiemules,gillespiemules,9,0,Scotland,NA,GB-SCT,R09 GB-SCT,2514,Npout_053,10,4,2014,0,2
74,2018 Norway Pout Exchange - Whole and Broken,650,1565,27.4.a,27.4.a,2014-10-25,2,170,40,NA,U,hendersong,hendersong,8,0,Scotland,NA,GB-SCT,R08 GB-SCT,2892,Npout_053,10,4,2014,0,2
74,2018 Norway Pout Exchange - Whole and Broken,650,1565,27.4.a,27.4.a,2014-10-25,2,170,40,NA,U,Huseboe,Huseboe,6,1,NORWAY,NA,NO,R06 NO,3303,Npout_053,10,4,2014,0,2
74,2018 Norway Pout Exchange - Whole and Broken,650,1565,27.4.a,27.4.a,2014-10-25,2,170,40,NA,U,Mjanger,Mjanger,2,1,NORWAY,NA,NO,R02 NO,4328,Npout_053,10,4,2014,0,2
74,2018 Norway Pout Exchange - Whole and Broken,650,1565,27.4.a,27.4.a,2014-10-25,2,170,40,NA,U,solbakken,solbakken,1,1,NORWAY,NA,NO,R01 NO,4348,Npout_053,10,4,2014,0,2
74,2018 Norway Pout Exchange - Whole and Broken,650,1565,27.4.a,27.4.a,2014-10-25,2,170,40,NA,U,skadal,skadal,5,1,NORWAY,NA,NO,R05 NO,4570,Npout_053,10,4,2014,0,2
